row_index,rank,feature,feature_value,shap_value,abs_shap
0,1,num__ROUTE_DELAY_RATE,-0.5646134104148061,-0.03301164856796049,0.03301164856796049
0,2,num__SCHEDULED_DEPARTURE,-1.014888503702868,-0.026680986605622365,0.026680986605622365
0,3,cat__TIME_OF_DAY_morning,1.0,-0.025472202176215434,0.025472202176215434
0,4,num__CARRIER_DELAY_RATE_DOW,-1.3474727677019906,-0.015973698473221703,0.015973698473221703
0,5,num__DEST_DELAY_RATE,1.256578391486225,0.01564980056647073,0.01564980056647073
1,1,num__ROUTE_DELAY_RATE,0.734733018724558,0.03955308724996939,0.03955308724996939
1,2,cat__TIME_OF_DAY_morning,1.0,-0.024918774539637523,0.024918774539637523
1,3,num__SCHEDULED_DEPARTURE,-0.9900714944293625,-0.024114485397017233,0.024114485397017233
1,4,cat__SEASON_fall,0.0,0.009512991037661322,0.009512991037661322
1,5,num__MONTH,-1.0439733520832553,0.009186568275904392,0.009186568275904392
2,1,cat__TIME_OF_DAY_morning,1.0,-0.032593696777153125,0.032593696777153125
2,2,num__ROUTE_DELAY_RATE,0.24456757060730483,0.01932712283230103,0.01932712283230103
2,3,cat__AIRLINE_WN,1.0,-0.01324227914857147,0.01324227914857147
2,4,num__SCHEDULED_DEPARTURE,-0.45236962683674137,-0.012709075622915407,0.012709075622915407
2,5,cat__TIME_OF_DAY_evening,0.0,-0.009427542280232046,0.009427542280232046
3,1,num__ROUTE_DELAY_RATE,1.0614944604964227,0.05593819043081794,0.05593819043081794
3,2,num__SCHEDULED_DEPARTURE,1.0966253686512324,0.05270794242573856,0.05270794242573856
3,3,cat__TIME_OF_DAY_evening,1.0,0.03661775752834728,0.03661775752834728
3,4,cat__TIME_OF_DAY_morning,0.0,0.03376280860341467,0.03376280860341467
3,5,num__CARRIER_DELAY_RATE_DOW,-1.3708314389516696,-0.016815424164697106,0.016815424164697106
4,1,num__ROUTE_DELAY_RATE,-1.8921999474702411,-0.07294473373527693,0.07294473373527693
4,2,num__SCHEDULED_DEPARTURE,0.8898169580386858,0.04061403592909528,0.04061403592909528
4,3,cat__TIME_OF_DAY_evening,1.0,0.027542718060506104,0.027542718060506104
4,4,cat__TIME_OF_DAY_morning,0.0,0.02518994947982719,0.02518994947982719
4,5,num__DEST_DELAY_RATE,-1.6472699653144773,-0.01967716758187862,0.01967716758187862
5,1,cat__TIME_OF_DAY_morning,1.0,-0.02489705299107072,0.02489705299107072
5,2,num__ROUTE_DELAY_RATE,-0.405659801943211,-0.02333991457481716,0.02333991457481716
5,3,num__SCHEDULED_DEPARTURE,-0.8659864480618344,-0.02287151439724994,0.02287151439724994
5,4,num__CARRIER_DELAY_RATE_DOW,-1.2910598172211338,-0.015136869575430865,0.015136869575430865
5,5,num__CARRIER_DELAY_RATE,-1.7129509912325944,-0.012324678709774162,0.012324678709774162
6,1,num__ROUTE_DELAY_RATE,-2.156790317089923,-0.08915308178253781,0.08915308178253781
6,2,num__SCHEDULED_DEPARTURE,0.8608637805529292,0.04544792194722959,0.04544792194722959
6,3,cat__SEASON_fall,1.0,-0.0370849775266197,0.0370849775266197
6,4,cat__TIME_OF_DAY_evening,1.0,0.029902219741504723,0.029902219741504723
6,5,cat__TIME_OF_DAY_morning,0.0,0.02956808392988762,0.02956808392988762
7,1,num__SCHEDULED_DEPARTURE,-1.2382415871644183,-0.05990850037529299,0.05990850037529299
7,2,num__ROUTE_DELAY_RATE,1.559059572827589,0.05238588933637857,0.05238588933637857
7,3,cat__TIME_OF_DAY_morning,1.0,-0.030081374627377498,0.030081374627377498
7,4,num__ORIGIN_DELAY_RATE,1.555194651917501,0.01052445388696924,0.01052445388696924
7,5,cat__TIME_OF_DAY_evening,0.0,-0.009847563775767867,0.009847563775767867
8,1,num__ROUTE_DELAY_RATE,1.15283148966002,0.05000970673276015,0.05000970673276015
8,2,num__SCHEDULED_DEPARTURE,0.40588527720532686,0.032104808717137986,0.032104808717137986
8,3,num__CARRIER_DELAY_RATE,3.400685234442856,0.02902844996325939,0.02902844996325939
8,4,num__CARRIER_DELAY_RATE_DOW,3.103355376062564,0.028389085730050282,0.028389085730050282
8,5,cat__AIRLINE_NK,1.0,0.02511674279021463,0.02511674279021463
9,1,num__ROUTE_DELAY_RATE,-1.0287515099857643,-0.03842750280107339,0.03842750280107339
9,2,cat__TIME_OF_DAY_morning,1.0,-0.032381445310625166,0.032381445310625166
9,3,num__SCHEDULED_DEPARTURE,-0.6281567758574059,-0.026990673921372946,0.026990673921372946
9,4,num__ORIGIN_DELAY_RATE,-1.0936196822927202,-0.01284478222017924,0.01284478222017924
9,5,cat__TIME_OF_DAY_evening,0.0,-0.01013932495125573,0.01013932495125573
10,1,num__ROUTE_DELAY_RATE,-1.7898953301052245,-0.051685383085157355,0.051685383085157355
10,2,num__SCHEDULED_DEPARTURE,-1.0004119149599897,-0.026165472093455263,0.026165472093455263
10,3,cat__SEASON_winter,1.0,0.026036684310120108,0.026036684310120108
10,4,cat__TIME_OF_DAY_morning,1.0,-0.024272795352580943,0.024272795352580943
10,5,num__CARRIER_DELAY_RATE,1.2331620163446775,0.016184841557824257,0.016184841557824257
11,1,num__ROUTE_DELAY_RATE,-0.7621165718585711,-0.0365774514713712,0.0365774514713712
11,2,num__CARRIER_DELAY_RATE_DOW,-1.3708314389516696,-0.029258187536097467,0.029258187536097467
11,3,num__SCHEDULED_DEPARTURE,0.215621539441784,0.02784145205017694,0.02784145205017694
11,4,cat__TIME_OF_DAY_morning,0.0,0.02524721955130872,0.02524721955130872
11,5,num__CARRIER_DELAY_RATE,-1.5327753906460064,-0.018159579365433273,0.018159579365433273
12,1,num__SCHEDULED_DEPARTURE,-1.5070925209607289,-0.06196304900080122,0.06196304900080122
12,2,cat__TIME_OF_DAY_morning,1.0,-0.026638173350556828,0.026638173350556828
12,3,cat__SEASON_fall,1.0,-0.022284175638858414,0.022284175638858414
12,4,num__ROUTE_DELAY_RATE,-0.5317070514861577,-0.018614124850992085,0.018614124850992085
12,5,num__CARRIER_DELAY_RATE_DOW,-1.0790177703514467,-0.009665706494381539,0.009665706494381539
13,1,num__SCHEDULED_DEPARTURE,1.295161442839277,0.051444842694102134,0.051444842694102134
13,2,cat__TIME_OF_DAY_evening,1.0,0.03416942305943394,0.03416942305943394
13,3,cat__TIME_OF_DAY_morning,0.0,0.033624869234149625,0.033624869234149625
13,4,num__ROUTE_DELAY_RATE,0.5804054474407988,0.031560824859463994,0.031560824859463994
13,5,cat__SEASON_fall,0.0,0.011235061370130098,0.011235061370130098
14,1,num__ROUTE_DELAY_RATE,-1.0889633561045322,-0.04409867455331096,0.04409867455331096
14,2,num__SCHEDULED_DEPARTURE,0.4369065387972088,0.04139977461348963,0.04139977461348963
14,3,cat__TIME_OF_DAY_morning,0.0,0.026969438980183894,0.026969438980183894
14,4,num__CARRIER_DELAY_RATE_DOW,-1.3708314389516696,-0.026964660036921943,0.026964660036921943
14,5,num__CARRIER_DELAY_RATE,-1.5327753906460064,-0.017135470782609446,0.017135470782609446
15,1,num__ROUTE_DELAY_RATE,1.747974050827962,0.05473523044470312,0.05473523044470312
15,2,cat__TIME_OF_DAY_morning,1.0,-0.02500597885937168,0.02500597885937168
15,3,num__SCHEDULED_DEPARTURE,-0.6426333646002842,-0.018840062961494368,0.018840062961494368
15,4,num__CARRIER_DELAY_RATE_DOW,0.951185018115474,0.012663371963521968,0.012663371963521968
15,5,cat__SEASON_fall,0.0,0.01064922235858603,0.01064922235858603
16,1,num__SCHEDULED_DEPARTURE,0.23009812818466227,0.030823323127162894,0.030823323127162894
16,2,num__ROUTE_DELAY_RATE,-0.6669439747636646,-0.02903829016063355,0.02903829016063355
16,3,cat__TIME_OF_DAY_morning,0.0,0.02445283747551912,0.02445283747551912
16,4,cat__SEASON_winter,1.0,0.015305393426820047,0.015305393426820047
16,5,num__CARRIER_DELAY_RATE_DOW,0.5360256836246763,0.012913636628409221,0.012913636628409221
17,1,num__ROUTE_DELAY_RATE,1.6562608491236743,0.052680419973012246,0.052680419973012246
17,2,cat__TIME_OF_DAY_morning,1.0,-0.029295499654344893,0.029295499654344893
17,3,num__SCHEDULED_DEPARTURE,-0.6488376169186606,-0.020745674388354018,0.020745674388354018
17,4,cat__AIRLINE_WN,1.0,-0.01937490243306911,0.01937490243306911
17,5,cat__SEASON_winter,1.0,0.014049875274108671,0.014049875274108671
18,1,num__SCHEDULED_DEPARTURE,-1.3933478951238283,-0.062148251123755924,0.062148251123755924
18,2,num__ROUTE_DELAY_RATE,-0.8440906094521794,-0.033216545863074314,0.033216545863074314
18,3,cat__TIME_OF_DAY_morning,1.0,-0.02830598194555023,0.02830598194555023
18,4,cat__SEASON_winter,1.0,0.02590045165674155,0.02590045165674155
18,5,cat__TIME_OF_DAY_evening,0.0,-0.008775245450369767,0.008775245450369767
19,1,cat__TIME_OF_DAY_morning,1.0,-0.03018315887900826,0.03018315887900826
19,2,cat__SEASON_fall,1.0,-0.029919171720271153,0.029919171720271153
19,3,num__ROUTE_DELAY_RATE,-0.5471270041037031,-0.01766873240398809,0.01766873240398809
19,4,cat__AIRLINE_WN,1.0,-0.010885488919020645,0.010885488919020645
19,5,num__MONTH,0.7218709531941103,-0.010053702854618223,0.010053702854618223
20,1,cat__SEASON_fall,1.0,-0.03857218380093855,0.03857218380093855
20,2,cat__TIME_OF_DAY_morning,1.0,-0.029681288189767657,0.029681288189767657
20,3,num__MONTH,0.7218709531941103,-0.013773558919290281,0.013773558919290281
20,4,num__SCHEDULED_DEPARTURE,-0.5867950937348967,-0.012720943547965363,0.012720943547965363
20,5,cat__AIRLINE_WN,1.0,-0.012469271371523974,0.012469271371523974
21,1,num__SCHEDULED_DEPARTURE,1.2020976580636311,0.04660937112369765,0.04660937112369765
21,2,num__ROUTE_DELAY_RATE,-0.6475593846975077,-0.031294087069718445,0.031294087069718445
21,3,cat__TIME_OF_DAY_evening,1.0,0.0298387634929918,0.0298387634929918
21,4,cat__TIME_OF_DAY_morning,0.0,0.028512689595831944,0.028512689595831944
21,5,num__CARRIER_DELAY_RATE_DOW,-1.3474727677019906,-0.024824212820599312,0.024824212820599312
22,1,num__ROUTE_DELAY_RATE,-1.6713065389332424,-0.06456657049943487,0.06456657049943487
22,2,cat__TIME_OF_DAY_morning,1.0,-0.023493621874717974,0.023493621874717974
22,3,num__ORIGIN_DELAY_RATE,-0.804057656699333,-0.012056694431353208,0.012056694431353208
22,4,num__DEST_DELAY_RATE,-0.532586400950689,-0.009228873018068953,0.009228873018068953
22,5,cat__TIME_OF_DAY_evening,0.0,-0.006419361845396452,0.006419361845396452
23,1,num__SCHEDULED_DEPARTURE,1.450267750798687,0.046860124414156414,0.046860124414156414
23,2,cat__TIME_OF_DAY_evening,1.0,0.032380909380080994,0.032380909380080994
23,3,cat__TIME_OF_DAY_morning,0.0,0.030573200122953493,0.030573200122953493
23,4,num__ROUTE_DELAY_RATE,-0.3381867419441021,-0.015372648093721181,0.015372648093721181
23,5,num__CARRIER_DELAY_RATE_DOW,0.17412576283774617,0.011762085458444744,0.011762085458444744
24,1,num__ROUTE_DELAY_RATE,0.5093990465275672,0.030010359181787863,0.030010359181787863
24,2,cat__TIME_OF_DAY_morning,1.0,-0.02490792995262382,0.02490792995262382
24,3,num__CARRIER_DELAY_RATE_DOW,0.8720805653687079,0.013887013991111417,0.013887013991111417
24,4,cat__SEASON_fall,0.0,0.011003502279615987,0.011003502279615987
24,5,num__SCHEDULED_DEPARTURE,-0.5867950937348967,-0.009627326943814296,0.009627326943814296
25,1,num__SCHEDULED_DEPARTURE,1.450267750798687,0.045341983973899005,0.045341983973899005
25,2,cat__SEASON_fall,1.0,-0.0437211672871922,0.0437211672871922
25,3,cat__TIME_OF_DAY_evening,1.0,0.032505261122182674,0.032505261122182674
25,4,cat__TIME_OF_DAY_morning,0.0,0.031210295981543366,0.031210295981543366
25,5,num__ROUTE_DELAY_RATE,0.4908009173401551,0.02308592589984528,0.02308592589984528
26,1,cat__TIME_OF_DAY_morning,1.0,-0.0316573753905277,0.0316573753905277
26,2,num__SCHEDULED_DEPARTURE,-0.8866672891230891,-0.030059073774468745,0.030059073774468745
26,3,num__ROUTE_DELAY_RATE,-0.6985901826331528,-0.029174501705556397,0.029174501705556397
26,4,num__ORIGIN_DELAY_RATE,-1.3950440468192422,-0.013383320313380409,0.013383320313380409
26,5,cat__AIRLINE_WN,1.0,-0.011650388610223671,0.011650388610223671
27,1,num__SCHEDULED_DEPARTURE,-1.4864116798994742,-0.05987179684199646,0.05987179684199646
27,2,num__ROUTE_DELAY_RATE,0.47973999290214686,0.033372820160402626,0.033372820160402626
27,3,cat__TIME_OF_DAY_morning,1.0,-0.023274756184268882,0.023274756184268882
27,4,cat__SEASON_winter,1.0,0.022468519152016597,0.022468519152016597
27,5,num__MONTH,-1.3382807362961495,0.01613090251079143,0.01613090251079143
28,1,cat__TIME_OF_DAY_morning,0.0,0.03488784696059611,0.03488784696059611
28,2,num__ROUTE_DELAY_RATE,-0.2930377096614321,-0.016854760275482477,0.016854760275482477
28,3,cat__SEASON_fall,0.0,0.008876215825957844,0.008876215825957844
28,4,cat__TIME_OF_DAY_evening,0.0,-0.007276544799519797,0.007276544799519797
28,5,num__CARRIER_DELAY_RATE_DOW,0.08335588839924762,0.005571196067505752,0.005571196067505752
29,1,num__ROUTE_DELAY_RATE,1.1523024587823838,0.05644394052098051,0.05644394052098051
29,2,cat__SEASON_winter,1.0,0.020218457796459005,0.020218457796459005
29,3,cat__TIME_OF_DAY_morning,1.0,-0.018420134511029574,0.018420134511029574
29,4,num__ORIGIN_DELAY_RATE,1.4905230119909376,0.016598020853845128,0.016598020853845128
29,5,num__MONTH,-1.3382807362961495,0.016453818800631553,0.016453818800631553
30,1,num__ROUTE_DELAY_RATE,0.7890657638318972,0.035515952161608765,0.035515952161608765
30,2,cat__TIME_OF_DAY_morning,1.0,-0.02419422400301073,0.02419422400301073
30,3,num__SCHEDULED_DEPARTURE,-0.6302248599635314,-0.02022299359265162,0.02022299359265162
30,4,cat__SEASON_fall,0.0,0.00917359142604937,0.00917359142604937
30,5,num__ORIGIN_DELAY_RATE,0.8432089541962535,0.008996785719734817,0.008996785719734817
31,1,num__ROUTE_DELAY_RATE,0.918846552164899,0.04662410556614077,0.04662410556614077
31,2,num__SCHEDULED_DEPARTURE,1.0159700885123393,0.04376891232682965,0.04376891232682965
31,3,num__CARRIER_DELAY_RATE_DOW,-1.9580636641336575,-0.03240554921436342,0.03240554921436342
31,4,cat__TIME_OF_DAY_evening,1.0,0.029056208448510007,0.029056208448510007
31,5,cat__TIME_OF_DAY_morning,0.0,0.027300919648166656,0.027300919648166656
32,1,num__SCHEDULED_DEPARTURE,0.8298425189610473,0.050903641133509155,0.050903641133509155
32,2,num__ROUTE_DELAY_RATE,0.8949832453187505,0.044340535412925416,0.044340535412925416
32,3,cat__TIME_OF_DAY_evening,1.0,0.033339083957489496,0.033339083957489496
32,4,cat__TIME_OF_DAY_morning,0.0,0.03197740227448776,0.03197740227448776
32,5,num__CARRIER_DELAY_RATE_DOW,1.001869518220096,0.016545602668873016,0.016545602668873016
33,1,num__SCHEDULED_DEPARTURE,-1.0004119149599897,-0.024569030397342432,0.024569030397342432
33,2,cat__TIME_OF_DAY_morning,1.0,-0.024295141457150747,0.024295141457150747
33,3,num__ORIGIN_DELAY_RATE,1.555194651917501,0.01055089935676051,0.01055089935676051
33,4,num__ROUTE_DELAY_RATE,0.050505835531511514,0.009271441027112814,0.009271441027112814
33,5,cat__TIME_OF_DAY_evening,0.0,-0.009270773501407347,0.009270773501407347
34,1,num__SCHEDULED_DEPARTURE,-1.227901166633791,-0.048266785350884904,0.048266785350884904
34,2,cat__TIME_OF_DAY_morning,1.0,-0.026464616575199214,0.026464616575199214
34,3,num__ROUTE_DELAY_RATE,-0.44738715857590855,-0.025999784601979173,0.025999784601979173
34,4,num__CARRIER_DELAY_RATE_DOW,-1.77721142023557,-0.018617880868846443,0.018617880868846443
34,5,num__CARRIER_DELAY_RATE,-1.5327753906460064,-0.014105865046099097,0.014105865046099097
35,1,num__SCHEDULED_DEPARTURE,-1.2796032692869277,-0.07737522538954408,0.07737522538954408
35,2,cat__TIME_OF_DAY_morning,1.0,-0.03779463756782661,0.03779463756782661
35,3,num__ROUTE_DELAY_RATE,-0.6557785785547904,-0.0228701679088158,0.0228701679088158
35,4,cat__AIRLINE_WN,1.0,-0.015353824839335175,0.015353824839335175
35,5,cat__TIME_OF_DAY_evening,0.0,-0.011485863328200594,0.011485863328200594
36,1,num__SCHEDULED_DEPARTURE,1.8121824693706434,0.03838913658617912,0.03838913658617912
36,2,num__ROUTE_DELAY_RATE,0.4506992966447747,0.0297644343382035,0.0297644343382035
36,3,cat__TIME_OF_DAY_morning,0.0,0.023103092801852652,0.023103092801852652
36,4,num__CARRIER_DELAY_RATE_DOW,0.8463055173452998,0.016932670823116495,0.016932670823116495
36,5,cat__SEASON_fall,0.0,0.014398377869738396,0.014398377869738396
37,1,num__SCHEDULED_DEPARTURE,0.26111938977654425,0.04165401197345318,0.04165401197345318
37,2,cat__TIME_OF_DAY_morning,0.0,0.032850092002177006,0.032850092002177006
37,3,num__ROUTE_DELAY_RATE,-0.41738029691817424,-0.019469578639530027,0.019469578639530027
37,4,cat__SEASON_winter,1.0,0.01344019016572929,0.01344019016572929
37,5,num__CARRIER_DELAY_RATE_DOW,0.2645504288766825,0.011374135561181902,0.011374135561181902
38,1,num__ROUTE_DELAY_RATE,-1.6265173137674809,-0.07034026967216278,0.07034026967216278
38,2,cat__SEASON_fall,1.0,-0.03471029663644345,0.03471029663644345
38,3,num__SCHEDULED_DEPARTURE,-0.01807196455039361,0.030351745487582776,0.030351745487582776
38,4,cat__TIME_OF_DAY_morning,0.0,0.028684488526717473,0.028684488526717473
38,5,num__ORIGIN_DELAY_RATE,-2.440865888795052,-0.023730776882190413,0.023730776882190413
39,1,cat__TIME_OF_DAY_morning,1.0,-0.027198888414000068,0.027198888414000068
39,2,num__ROUTE_DELAY_RATE,0.21750061381597813,0.018632523420733377,0.018632523420733377
39,3,num__CARRIER_DELAY_RATE_DOW,1.0309564462197662,0.014428533913464889,0.014428533913464889
39,4,num__SCHEDULED_DEPARTURE,-0.5743865890981439,-0.013172178829192945,0.013172178829192945
39,5,num__CARRIER_DELAY_RATE,0.9509758155420798,0.011319980434695936,0.011319980434695936
40,1,num__SCHEDULED_DEPARTURE,-1.4347095772463376,-0.0739137080100295,0.0739137080100295
40,2,cat__TIME_OF_DAY_morning,1.0,-0.03127460550556407,0.03127460550556407
40,3,num__ROUTE_DELAY_RATE,0.5537365016389304,0.029733910592799475,0.029733910592799475
40,4,num__ORIGIN_DELAY_RATE,0.9912266494275802,0.010451275707016521,0.010451275707016521
40,5,cat__TIME_OF_DAY_evening,0.0,-0.010422628667172376,0.010422628667172376
41,1,num__SCHEDULED_DEPARTURE,-1.5070925209607289,-0.07558754179754032,0.07558754179754032
41,2,num__ROUTE_DELAY_RATE,1.7852654722966947,0.04952940194138136,0.04952940194138136
41,3,cat__TIME_OF_DAY_morning,1.0,-0.03361629254309719,0.03361629254309719
41,4,num__ORIGIN_DELAY_RATE,1.6547064327369196,0.012376467755991598,0.012376467755991598
41,5,cat__TIME_OF_DAY_evening,0.0,-0.011856446178492207,0.011856446178492207
42,1,num__ROUTE_DELAY_RATE,0.7126939248082218,0.037799445850255325,0.037799445850255325
42,2,num__SCHEDULED_DEPARTURE,0.24043854871528958,0.0322013092588395,0.0322013092588395
42,3,cat__TIME_OF_DAY_morning,0.0,0.02447280278965991,0.02447280278965991
42,4,num__CARRIER_DELAY_RATE_DOW,1.1481452132755219,0.018844676021535632,0.018844676021535632
42,5,num__CARRIER_DELAY_RATE,1.2331620163446775,0.016414696965880465,0.016414696965880465
43,1,num__ROUTE_DELAY_RATE,-1.2530681745543153,-0.048932711988118174,0.048932711988118174
43,2,cat__TIME_OF_DAY_morning,1.0,-0.022080793499617356,0.022080793499617356
43,3,num__SCHEDULED_DEPARTURE,-0.8742587844863363,-0.02002112461812658,0.02002112461812658
43,4,num__CARRIER_DELAY_RATE_DOW,-0.8271442517528508,-0.013112623509578043,0.013112623509578043
43,5,num__CARRIER_DELAY_RATE,-1.5327753906460064,-0.012400813862259384,0.012400813862259384
44,1,cat__TIME_OF_DAY_morning,0.0,0.031213618524202503,0.031213618524202503
44,2,num__SCHEDULED_DEPARTURE,-0.18351869304043086,0.02696918333697113,0.02696918333697113
44,3,num__ROUTE_DELAY_RATE,-0.38663509108217364,-0.01719684995969601,0.01719684995969601
44,4,num__CARRIER_DELAY_RATE,0.33641904299212355,0.010331256973981908,0.010331256973981908
44,5,cat__SEASON_fall,0.0,0.009632936854613946,0.009632936854613946
45,1,cat__SEASON_fall,1.0,-0.03922436980726616,0.03922436980726616
45,2,cat__TIME_OF_DAY_morning,1.0,-0.02258655117359467,0.02258655117359467
45,3,num__SCHEDULED_DEPARTURE,-0.8763268685924618,-0.020309767712099074,0.020309767712099074
45,4,num__ROUTE_DELAY_RATE,0.28452880034454603,0.017417147465482685,0.017417147465482685
45,5,num__MONTH,0.7218709531941103,-0.015428144048919422,0.015428144048919422
46,1,num__SCHEDULED_DEPARTURE,0.15771518447027097,0.02707606020253024,0.02707606020253024
46,2,cat__TIME_OF_DAY_morning,0.0,0.02291607039805058,0.02291607039805058
46,3,num__CARRIER_DELAY_RATE_DOW,-0.877429516561319,-0.021075535523395958,0.021075535523395958
46,4,cat__SEASON_winter,1.0,0.014229112493271714,0.014229112493271714
46,5,cat__SEASON_fall,0.0,0.009450298737215234,0.009450298737215234
47,1,num__SCHEDULED_DEPARTURE,-1.2485820076950456,-0.06398923857707359,0.06398923857707359
47,2,cat__TIME_OF_DAY_morning,1.0,-0.03295965804065418,0.03295965804065418
47,3,cat__TIME_OF_DAY_evening,0.0,-0.010535848394306413,0.010535848394306413
47,4,num__ROUTE_DELAY_RATE,0.05258169050455332,0.009661627523453262,0.009661627523453262
47,5,cat__SEASON_fall,0.0,0.00843939051217376,0.00843939051217376
48,1,num__SCHEDULED_DEPARTURE,-0.9900714944293625,-0.027780746125599762,0.027780746125599762
48,2,cat__TIME_OF_DAY_morning,1.0,-0.02764041781807009,0.02764041781807009
48,3,num__ROUTE_DELAY_RATE,-0.3077421746340296,-0.01812410119013748,0.01812410119013748
48,4,num__CARRIER_DELAY_RATE,0.9509758155420798,0.011550273106849999,0.011550273106849999
48,5,cat__TIME_OF_DAY_evening,0.0,-0.00987862356956839,0.00987862356956839
49,1,num__ROUTE_DELAY_RATE,1.5174191090681848,0.052950241997918965,0.052950241997918965
49,2,cat__TIME_OF_DAY_morning,1.0,-0.02294173363374739,0.02294173363374739
49,3,num__ORIGIN_DELAY_RATE,0.8432089541962535,0.010533730935417224,0.010533730935417224
49,4,cat__SEASON_fall,0.0,0.009314362598404386,0.009314362598404386
49,5,num__SCHEDULED_DEPARTURE,-0.566114252673642,-0.008141573778361817,0.008141573778361817
50,1,num__ROUTE_DELAY_RATE,-1.108656646611203,-0.04518413124720382,0.04518413124720382
50,2,cat__TIME_OF_DAY_morning,1.0,-0.021304619767706753,0.021304619767706753
50,3,num__SCHEDULED_DEPARTURE,-0.7729226632861885,-0.018576764015886055,0.018576764015886055
50,4,num__CARRIER_DELAY_RATE_DOW,-1.3411683417843352,-0.015857247774615644,0.015857247774615644
50,5,num__CARRIER_DELAY_RATE,-1.5327753906460064,-0.01359221554811029,0.01359221554811029
51,1,num__SCHEDULED_DEPARTURE,-1.4347095772463376,-0.0600376225359264,0.0600376225359264
51,2,num__ROUTE_DELAY_RATE,-1.0258504350464765,-0.03137623401374413,0.03137623401374413
51,3,cat__TIME_OF_DAY_morning,1.0,-0.02896347319641791,0.02896347319641791
51,4,cat__SEASON_fall,1.0,-0.027535202698968534,0.027535202698968534
51,5,num__MONTH,0.7218709531941103,-0.0111955619699188,0.0111955619699188
52,1,num__SCHEDULED_DEPARTURE,1.0945572845451068,0.04285412826527363,0.04285412826527363
52,2,num__ROUTE_DELAY_RATE,0.5974663156978043,0.03358838565086671,0.03358838565086671
52,3,cat__TIME_OF_DAY_evening,1.0,0.03156183678857815,0.03156183678857815
52,4,cat__TIME_OF_DAY_morning,0.0,0.027558271765519747,0.027558271765519747
52,5,cat__SEASON_fall,0.0,0.01130170425175038,0.01130170425175038
53,1,num__ROUTE_DELAY_RATE,1.2048768504810021,0.05322398724848426,0.05322398724848426
53,2,cat__TIME_OF_DAY_morning,1.0,-0.02859153716517085,0.02859153716517085
53,3,num__SCHEDULED_DEPARTURE,-0.6074759347961513,-0.016641380108605972,0.016641380108605972
53,4,cat__TIME_OF_DAY_evening,0.0,-0.009746505102805258,0.009746505102805258
53,5,cat__SEASON_fall,0.0,0.009426145326212918,0.009426145326212918
54,1,cat__SEASON_fall,1.0,-0.03196943212211181,0.03196943212211181
54,2,cat__TIME_OF_DAY_morning,1.0,-0.02294588139217012,0.02294588139217012
54,3,num__ROUTE_DELAY_RATE,-0.5775738693977178,-0.021345275470346224,0.021345275470346224
54,4,num__SCHEDULED_DEPARTURE,-0.6695184579799153,-0.018405480533440367,0.018405480533440367
54,5,num__ORIGIN_DELAY_RATE,-1.1322453775267323,-0.00985941965443999,0.00985941965443999
55,1,num__ROUTE_DELAY_RATE,1.3047006072369214,0.05517155818653237,0.05517155818653237
55,2,num__SCHEDULED_DEPARTURE,-1.0934756997356356,-0.03611566715231675,0.03611566715231675
55,3,cat__TIME_OF_DAY_morning,1.0,-0.02321835008508515,0.02321835008508515
55,4,cat__SEASON_winter,1.0,0.020114303562363604,0.020114303562363604
55,5,num__MONTH,-1.6325881205090438,0.012915921349000428,0.012915921349000428
56,1,num__SCHEDULED_DEPARTURE,0.1680556050008983,0.034640593795593304,0.034640593795593304
56,2,cat__TIME_OF_DAY_morning,0.0,0.026764169759385368,0.026764169759385368
56,3,num__ROUTE_DELAY_RATE,0.340681709591964,0.022408268466697336,0.022408268466697336
56,4,num__CARRIER_DELAY_RATE_DOW,0.7551504515447294,0.01586905374305843,0.01586905374305843
56,5,cat__SEASON_fall,0.0,0.012478770262678154,0.012478770262678154
57,1,num__ROUTE_DELAY_RATE,-0.689381183848861,-0.034077866783611625,0.034077866783611625
57,2,cat__TIME_OF_DAY_morning,1.0,-0.02324341194088447,0.02324341194088447
57,3,num__SCHEDULED_DEPARTURE,-0.8866672891230891,-0.02259834098704687,0.02259834098704687
57,4,num__CARRIER_DELAY_RATE_DOW,-1.214785020381351,-0.01576564377612158,0.01576564377612158
57,5,num__CARRIER_DELAY_RATE,-1.5327753906460064,-0.014466399643988553,0.014466399643988553
58,1,num__SCHEDULED_DEPARTURE,-1.4450499977769649,-0.07890950058091221,0.07890950058091221
58,2,cat__TIME_OF_DAY_morning,1.0,-0.037661116913773184,0.037661116913773184
58,3,cat__SEASON_fall,1.0,-0.024918136433946074,0.024918136433946074
58,4,cat__AIRLINE_WN,1.0,-0.019718245371343528,0.019718245371343528
58,5,num__ROUTE_DELAY_RATE,0.07869615806564742,0.012605643091167167,0.012605643091167167
59,1,num__ROUTE_DELAY_RATE,-1.1547797863637317,-0.04693571975999248,0.04693571975999248
59,2,num__SCHEDULED_DEPARTURE,-1.0314331765518718,-0.028790417500971444,0.028790417500971444
59,3,num__CARRIER_DELAY_RATE_DOW,-1.77721142023557,-0.021121932965158977,0.021121932965158977
59,4,cat__TIME_OF_DAY_morning,1.0,-0.021089639705865013,0.021089639705865013
59,5,cat__SEASON_winter,1.0,0.017686757681144628,0.017686757681144628
60,1,num__SCHEDULED_DEPARTURE,-1.227901166633791,-0.06257597541954056,0.06257597541954056
60,2,cat__SEASON_fall,1.0,-0.03400864954023291,0.03400864954023291
60,3,cat__TIME_OF_DAY_morning,1.0,-0.03389957780223085,0.03389957780223085
60,4,num__ROUTE_DELAY_RATE,0.7594707143176277,0.03088497003331895,0.03088497003331895
60,5,cat__AIRLINE_WN,1.0,-0.018008058728828474,0.018008058728828474
61,1,num__SCHEDULED_DEPARTURE,0.35418317455219017,0.037223397967245546,0.037223397967245546
61,2,cat__TIME_OF_DAY_morning,0.0,0.02994937553199634,0.02994937553199634
61,3,num__ROUTE_DELAY_RATE,-0.6066109741755162,-0.025150348308584397,0.025150348308584397
61,4,num__CARRIER_DELAY_RATE_DOW,1.1481452132755219,0.018551761086773696,0.018551761086773696
61,5,num__CARRIER_DELAY_RATE,1.2331620163446775,0.014526162141914939,0.014526162141914939
62,1,num__ROUTE_DELAY_RATE,1.2103188146462107,0.05246752763254335,0.05246752763254335
62,2,num__SCHEDULED_DEPARTURE,1.86388457202378,0.0507359398460585,0.0507359398460585
62,3,cat__TIME_OF_DAY_morning,0.0,0.03337120276267342,0.03337120276267342
62,4,cat__SEASON_fall,0.0,0.012691664608855718,0.012691664608855718
62,5,num__ORIGIN_DELAY_RATE,1.555194651917501,0.011132004770927325,0.011132004770927325
63,1,num__ROUTE_DELAY_RATE,-0.8712722583358318,-0.03725011047288717,0.03725011047288717
63,2,num__CARRIER_DELAY_RATE_DOW,-1.3411683417843352,-0.0233334967961855,0.0233334967961855
63,3,cat__TIME_OF_DAY_morning,0.0,0.022283911434126367,0.022283911434126367
63,4,num__SCHEDULED_DEPARTURE,-0.17317827250980353,0.017121515410769915,0.017121515410769915
63,5,num__CARRIER_DELAY_RATE,-1.5327753906460064,-0.01670467205417708,0.01670467205417708
64,1,num__SCHEDULED_DEPARTURE,0.3645235950828175,0.03821857453901885,0.03821857453901885
64,2,num__ROUTE_DELAY_RATE,0.7054286751210777,0.036349937852678524,0.036349937852678524
64,3,cat__TIME_OF_DAY_morning,0.0,0.028476202159604325,0.028476202159604325
64,4,num__CARRIER_DELAY_RATE_DOW,0.31655467279298216,0.01153110780208408,0.01153110780208408
64,5,cat__SEASON_fall,0.0,0.010581015431580455,0.010581015431580455
65,1,num__SCHEDULED_DEPARTURE,1.237255087867764,0.04573191082491576,0.04573191082491576
65,2,cat__TIME_OF_DAY_evening,1.0,0.03043564132095071,0.03043564132095071
65,3,cat__TIME_OF_DAY_morning,0.0,0.028808686953684628,0.028808686953684628
65,4,num__ROUTE_DELAY_RATE,0.2455226254981849,0.021689786920633197,0.021689786920633197
65,5,num__CARRIER_DELAY_RATE_DOW,-0.5676646270849178,-0.012150224143647392,0.012150224143647392
66,1,cat__TIME_OF_DAY_morning,0.0,0.026929676892596035,0.026929676892596035
66,2,num__CARRIER_DELAY_RATE_DOW,-0.8271442517528508,-0.018588527040656118,0.018588527040656118
66,3,num__CARRIER_DELAY_RATE,-1.5327753906460064,-0.013874264415449034,0.013874264415449034
66,4,num__SCHEDULED_DEPARTURE,-0.2662420572854495,-0.012367622967835813,0.012367622967835813
66,5,cat__AIRLINE_DL,1.0,-0.010168211518011958,0.010168211518011958
67,1,num__SCHEDULED_DEPARTURE,1.063536022953225,0.05331404600306541,0.05331404600306541
67,2,cat__TIME_OF_DAY_evening,1.0,0.03621011469838777,0.03621011469838777
67,3,cat__TIME_OF_DAY_morning,0.0,0.03412224037915621,0.03412224037915621
67,4,num__ROUTE_DELAY_RATE,0.07833817443204846,0.012679573371590322,0.012679573371590322
67,5,cat__SEASON_summer,1.0,0.012318038962430364,0.012318038962430364
68,1,num__ROUTE_DELAY_RATE,-2.4131773104070184,-0.08796651116127804,0.08796651116127804
68,2,num__SCHEDULED_DEPARTURE,1.2000295739575055,0.03810431533413748,0.03810431533413748
68,3,cat__SEASON_fall,1.0,-0.03511652635742393,0.03511652635742393
68,4,cat__TIME_OF_DAY_morning,0.0,0.02607484001900502,0.02607484001900502
68,5,cat__TIME_OF_DAY_evening,1.0,0.024647631371860827,0.024647631371860827
69,1,num__ROUTE_DELAY_RATE,-1.042402685412826,-0.049131823709024046,0.049131823709024046
69,2,num__SCHEDULED_DEPARTURE,-1.0086842513844916,-0.02556402526728789,0.02556402526728789
69,3,cat__TIME_OF_DAY_morning,1.0,-0.02485430439111667,0.02485430439111667
69,4,num__CARRIER_DELAY_RATE_DOW,-2.974397100356227,-0.022308353275244597,0.022308353275244597
69,5,num__ORIGIN_DELAY_RATE,-1.597174023113434,-0.019876786786433058,0.019876786786433058
70,1,num__ROUTE_DELAY_RATE,0.7600441846773296,0.034660297235504914,0.034660297235504914
70,2,cat__TIME_OF_DAY_morning,1.0,-0.023165207290032866,0.023165207290032866
70,3,cat__SEASON_winter,1.0,0.02250439588444124,0.02250439588444124
70,4,num__SCHEDULED_DEPARTURE,-0.8535779434250818,-0.020917637629070215,0.020917637629070215
70,5,cat__SEASON_fall,0.0,0.00966617055292545,0.00966617055292545
71,1,num__SCHEDULED_DEPARTURE,-0.15249743144854888,0.0328382367870563,0.0328382367870563
71,2,cat__TIME_OF_DAY_morning,0.0,0.0313938016561633,0.0313938016561633
71,3,num__ROUTE_DELAY_RATE,0.24593559639752477,0.019642286959497143,0.019642286959497143
71,4,cat__SEASON_fall,0.0,0.012087577732586396,0.012087577732586396
71,5,cat__TIME_OF_DAY_evening,0.0,-0.007714211065840573,0.007714211065840573
72,1,num__ROUTE_DELAY_RATE,1.7939747384595905,0.053622438823886114,0.053622438823886114
72,2,num__SCHEDULED_DEPARTURE,1.0718083593777268,0.05034670381251999,0.05034670381251999
72,3,cat__TIME_OF_DAY_evening,1.0,0.03483651382732205,0.03483651382732205
72,4,cat__TIME_OF_DAY_morning,0.0,0.03281153334741248,0.03281153334741248
72,5,num__CARRIER_DELAY_RATE_DOW,0.5110310796889674,0.011516624868409053,0.011516624868409053
73,1,num__SCHEDULED_DEPARTURE,-1.4760712593688468,-0.09069393303824881,0.09069393303824881
73,2,num__ROUTE_DELAY_RATE,1.0111361285033194,0.042298031159537,0.042298031159537
73,3,cat__TIME_OF_DAY_morning,1.0,-0.039101793319418904,0.039101793319418904
73,4,cat__AIRLINE_WN,1.0,-0.019220731344862543,0.019220731344862543
73,5,cat__TIME_OF_DAY_evening,0.0,-0.012023395953528962,0.012023395953528962
74,1,num__ROUTE_DELAY_RATE,0.886247641845057,0.05361884642344876,0.05361884642344876
74,2,num__SCHEDULED_DEPARTURE,1.3985656481455504,0.042102371546200175,0.042102371546200175
74,3,cat__TIME_OF_DAY_evening,1.0,0.031029687748025482,0.031029687748025482
74,4,cat__TIME_OF_DAY_morning,0.0,0.02732647230818202,0.02732647230818202
74,5,num__CARRIER_DELAY_RATE_DOW,-1.3474727677019906,-0.018871118975303035,0.018871118975303035
75,1,num__SCHEDULED_DEPARTURE,0.873272285189682,0.04220223651304423,0.04220223651304423
75,2,cat__TIME_OF_DAY_evening,1.0,0.029233794227884573,0.029233794227884573
75,3,cat__TIME_OF_DAY_morning,0.0,0.026720699831826095,0.026720699831826095
75,4,num__CARRIER_DELAY_RATE_DOW,0.92380329377068,0.015724948325894276,0.015724948325894276
75,5,cat__SEASON_winter,1.0,0.012705789805263521,0.012705789805263521
76,1,num__SCHEDULED_DEPARTURE,-0.032548553293271866,0.030771100590568493,0.030771100590568493
76,2,cat__TIME_OF_DAY_morning,0.0,0.029792165997323535,0.029792165997323535
76,3,num__ROUTE_DELAY_RATE,0.22113650900670934,0.018005212663438214,0.018005212663438214
76,4,num__CARRIER_DELAY_RATE_DOW,0.5110310796889674,0.012633072843882473,0.012633072843882473
76,5,cat__SEASON_fall,0.0,0.011330990057649615,0.011330990057649615
77,1,num__SCHEDULED_DEPARTURE,1.2434593401861405,0.0535598772645335,0.0535598772645335
77,2,cat__TIME_OF_DAY_morning,0.0,0.03558997570611155,0.03558997570611155
77,3,num__ROUTE_DELAY_RATE,-0.8268743490548591,-0.033244197638491645,0.033244197638491645
77,4,cat__TIME_OF_DAY_evening,1.0,0.032296358712778785,0.032296358712778785
77,5,num__CARRIER_DELAY_RATE_DOW,0.39907038343831064,0.010448274252698866,0.010448274252698866
78,1,cat__SEASON_fall,1.0,-0.04512891577263417,0.04512891577263417
78,2,num__SCHEDULED_DEPARTURE,0.44724695932783615,0.038355881734846664,0.038355881734846664
78,3,num__CARRIER_DELAY_RATE_DOW,-1.3708314389516696,-0.030673065227401822,0.030673065227401822
78,4,cat__TIME_OF_DAY_morning,0.0,0.024277748332297053,0.024277748332297053
78,5,num__CARRIER_DELAY_RATE,-1.5327753906460064,-0.015382900896163391,0.015382900896163391
79,1,num__ROUTE_DELAY_RATE,0.8809328430310529,0.03965418944692601,0.03965418944692601
79,2,num__SCHEDULED_DEPARTURE,0.40588527720532686,0.03788538178066119,0.03788538178066119
79,3,cat__TIME_OF_DAY_morning,0.0,0.027832687778368382,0.027832687778368382
79,4,num__CARRIER_DELAY_RATE_DOW,0.7881971117167339,0.01646691276735055,0.01646691276735055
79,5,cat__SEASON_fall,0.0,0.011409707176380835,0.011409707176380835
80,1,num__ROUTE_DELAY_RATE,-0.6985901826331528,-0.03496161272278414,0.03496161272278414
80,2,num__SCHEDULED_DEPARTURE,-1.0107523354906172,-0.024856001335963357,0.024856001335963357
80,3,cat__TIME_OF_DAY_morning,1.0,-0.023317624361320666,0.023317624361320666
80,4,num__CARRIER_DELAY_RATE_DOW,-1.214785020381351,-0.015822968598031367,0.015822968598031367
80,5,num__ORIGIN_DELAY_RATE,-1.3950440468192422,-0.014223988838419927,0.014223988838419927
81,1,cat__TIME_OF_DAY_morning,1.0,-0.034552473498015386,0.034552473498015386
81,2,num__SCHEDULED_DEPARTURE,-0.6695184579799153,-0.03005500670084075,0.03005500670084075
81,3,cat__AIRLINE_WN,1.0,-0.013053894381987447,0.013053894381987447
81,4,cat__TIME_OF_DAY_evening,0.0,-0.012058773795699836,0.012058773795699836
81,5,cat__SEASON_fall,0.0,0.008691034183123066,0.008691034183123066
82,1,num__ROUTE_DELAY_RATE,-0.6553663257983466,-0.03272782935839132,0.03272782935839132
82,2,cat__TIME_OF_DAY_morning,1.0,-0.023592784494217086,0.023592784494217086
82,3,num__CARRIER_DELAY_RATE_DOW,-1.3411683417843352,-0.01681563087421864,0.01681563087421864
82,4,num__CARRIER_DELAY_RATE,-1.5327753906460064,-0.014913283697587758,0.014913283697587758
82,5,cat__AIRLINE_DL,1.0,-0.010828179188347348,0.010828179188347348
83,1,num__ROUTE_DELAY_RATE,0.9238801877210385,0.041200077958533254,0.041200077958533254
83,2,cat__SEASON_winter,1.0,0.023339265462791445,0.023339265462791445
83,3,cat__TIME_OF_DAY_morning,1.0,-0.0228244216154485,0.0228244216154485
83,4,num__SCHEDULED_DEPARTURE,-0.8556460275312072,-0.019274935681035003,0.019274935681035003
83,5,num__DEST_DELAY_RATE,1.3308970496846375,0.014110448972239738,0.014110448972239738
84,1,num__SCHEDULED_DEPARTURE,1.0428551818919702,0.03842162276772342,0.03842162276772342
84,2,cat__SEASON_fall,1.0,-0.035201734108859455,0.035201734108859455
84,3,cat__TIME_OF_DAY_evening,1.0,0.03358993921329557,0.03358993921329557
84,4,num__CARRIER_DELAY_RATE_DOW,3.538242911616286,0.02930367336577433,0.02930367336577433
84,5,num__CARRIER_DELAY_RATE,3.400685234442856,0.02776670556908357,0.02776670556908357
85,1,num__SCHEDULED_DEPARTURE,-0.05943364667290292,0.024367793885830907,0.024367793885830907
85,2,cat__TIME_OF_DAY_morning,0.0,0.024051040837753133,0.024051040837753133
85,3,cat__SEASON_winter,1.0,0.011655146407870234,0.011655146407870234
85,4,cat__SEASON_fall,0.0,0.009513664516048266,0.009513664516048266
85,5,num__ROUTE_DELAY_RATE,-0.046765482665872084,0.008704189595987373,0.008704189595987373
86,1,num__ROUTE_DELAY_RATE,0.712036833202218,0.03536123782046388,0.03536123782046388
86,2,num__SCHEDULED_DEPARTURE,0.14737476393964363,0.03472298465271706,0.03472298465271706
86,3,cat__TIME_OF_DAY_morning,0.0,0.029577201950651215,0.029577201950651215
86,4,cat__SEASON_fall,0.0,0.01119889297491227,0.01119889297491227
86,5,num__ORIGIN_DELAY_RATE,0.9019428588933902,0.008287655051110504,0.008287655051110504
87,1,num__ROUTE_DELAY_RATE,-1.6138113485680659,-0.061557918167166006,0.061557918167166006
87,2,num__CARRIER_DELAY_RATE_DOW,-1.9580636641336575,-0.019940310881599997,0.019940310881599997
87,3,cat__TIME_OF_DAY_morning,1.0,-0.01988294047607269,0.01988294047607269
87,4,num__SCHEDULED_DEPARTURE,-0.8763268685924618,-0.01583529922245134,0.01583529922245134
87,5,num__CARRIER_DELAY_RATE,-1.7129509912325944,-0.013936998935682822,0.013936998935682822
88,1,num__ROUTE_DELAY_RATE,-2.2504541891599437,-0.09021378199394803,0.09021378199394803
88,2,num__SCHEDULED_DEPARTURE,1.0676721911654758,0.03224180671359818,0.03224180671359818
88,3,cat__SEASON_fall,1.0,-0.03066405330334874,0.03066405330334874
88,4,num__DEST_DELAY_RATE,-2.6476827045813063,-0.023502249865828162,0.023502249865828162
88,5,num__ORIGIN_DELAY_RATE,-1.6422748613849998,-0.02307836822856643,0.02307836822856643
89,1,cat__SEASON_fall,1.0,-0.03223226984074472,0.03223226984074472
89,2,num__SCHEDULED_DEPARTURE,0.021221633465990236,0.02943952223869019,0.02943952223869019
89,3,cat__TIME_OF_DAY_morning,0.0,0.027578598996637994,0.027578598996637994
89,4,num__ROUTE_DELAY_RATE,-0.8332790813178949,-0.027448907979587604,0.027448907979587604
89,5,num__CARRIER_DELAY_RATE_DOW,0.604026416249051,0.014821121006184513,0.014821121006184513
90,1,num__ROUTE_DELAY_RATE,-1.2366714753848413,-0.045879226128561185,0.045879226128561185
90,2,num__SCHEDULED_DEPARTURE,-0.1628378519791762,0.025623717935759488,0.025623717935759488
90,3,cat__TIME_OF_DAY_morning,0.0,0.022825846757891666,0.022825846757891666
90,4,num__ORIGIN_DELAY_RATE,-2.2706966857085,-0.021364427582386724,0.021364427582386724
90,5,num__DEST_DELAY_RATE,1.2271731178440963,0.010156700744678346,0.010156700744678346
91,1,num__ROUTE_DELAY_RATE,-0.9859919162146669,-0.035782127268635125,0.035782127268635125
91,2,cat__TIME_OF_DAY_morning,1.0,-0.03575631353606695,0.03575631353606695
91,3,num__SCHEDULED_DEPARTURE,-0.4627100473673687,-0.01694916873652801,0.01694916873652801
91,4,cat__TIME_OF_DAY_evening,0.0,-0.01030551923588746,0.01030551923588746
91,5,cat__AIRLINE_WN,1.0,-0.008099369385345199,0.008099369385345199
92,1,num__ROUTE_DELAY_RATE,-2.3646824396606467,-0.09264603765289507,0.09264603765289507
92,2,cat__SEASON_fall,1.0,-0.0350983703333236,0.0350983703333236
92,3,num__SCHEDULED_DEPARTURE,-0.15249743144854888,0.023355768199101023,0.023355768199101023
92,4,num__ORIGIN_DELAY_RATE,-1.9616247440732208,-0.02289800538239888,0.02289800538239888
92,5,num__DEST_DELAY_RATE,-1.6472699653144773,-0.02196877058511632,0.02196877058511632
93,1,num__SCHEDULED_DEPARTURE,-1.5070925209607289,-0.06525065134196666,0.06525065134196666
93,2,cat__SEASON_fall,1.0,-0.0330548119704099,0.0330548119704099
93,3,cat__TIME_OF_DAY_morning,1.0,-0.029055219188280718,0.029055219188280718
93,4,cat__TIME_OF_DAY_evening,0.0,-0.009889213842839126,0.009889213842839126
93,5,num__MONTH,1.3104857216198988,-0.00973976467650573,0.00973976467650573
94,1,num__SCHEDULED_DEPARTURE,0.5920128467566187,0.053697030967168755,0.053697030967168755
94,2,cat__TIME_OF_DAY_morning,0.0,0.03342805144625345,0.03342805144625345
94,3,num__ROUTE_DELAY_RATE,0.6170845271134855,0.03251958477302651,0.03251958477302651
94,4,num__CARRIER_DELAY_RATE_DOW,1.3300895358507339,0.016604301034667514,0.016604301034667514
94,5,cat__SEASON_fall,0.0,0.01239489221939948,0.01239489221939948
95,1,num__SCHEDULED_DEPARTURE,-2.625926022374606,-0.05952991235074933,0.05952991235074933
95,2,cat__TIME_OF_DAY_morning,0.0,0.038687308678790944,0.038687308678790944
95,3,cat__TIME_OF_DAY_evening,0.0,-0.009356065618853791,0.009356065618853791
95,4,cat__SEASON_fall,0.0,0.008236931515380092,0.008236931515380092
95,5,num__CARRIER_DELAY_RATE_DOW,0.13248701271448973,0.0058914310009686235,0.0058914310009686235
96,1,cat__SEASON_fall,1.0,-0.04435686065075515,0.04435686065075515
96,2,num__SCHEDULED_DEPARTURE,1.6880974230031156,0.03686604401211298,0.03686604401211298
96,3,cat__TIME_OF_DAY_evening,1.0,0.030439208055590826,0.030439208055590826
96,4,num__CARRIER_DELAY_RATE_DOW,-1.3411683417843352,-0.026422170277523947,0.026422170277523947
96,5,cat__TIME_OF_DAY_morning,0.0,0.025455786650204572,0.025455786650204572
97,1,num__SCHEDULED_DEPARTURE,-1.4533223342014667,-0.06142757144403049,0.06142757144403049
97,2,num__ROUTE_DELAY_RATE,1.1029442248406633,0.043925892103743536,0.043925892103743536
97,3,cat__SEASON_fall,1.0,-0.03519905369035087,0.03519905369035087
97,4,cat__TIME_OF_DAY_morning,1.0,-0.026118735774957713,0.026118735774957713
97,5,num__MONTH,0.7218709531941103,-0.014031128797560086,0.014031128797560086
98,1,cat__SEASON_fall,1.0,-0.028229792990848636,0.028229792990848636
98,2,cat__TIME_OF_DAY_morning,1.0,-0.02347953835058206,0.02347953835058206
98,3,num__ORIGIN_DELAY_RATE,3.7534591225810456,0.01625533788629127,0.01625533788629127
98,4,num__ROUTE_DELAY_RATE,-0.4391814428746112,-0.015109758130745377,0.015109758130745377
98,5,num__CARRIER_DELAY_RATE_DOW,1.3349428989870944,0.011985342220771144,0.011985342220771144
99,1,num__ROUTE_DELAY_RATE,1.3047006072369214,0.04600584777634367,0.04600584777634367
99,2,cat__SEASON_fall,1.0,-0.039731053524274106,0.039731053524274106
99,3,num__SCHEDULED_DEPARTURE,0.7677999957772833,0.03888954613144506,0.03888954613144506
99,4,cat__TIME_OF_DAY_evening,1.0,0.03296530213557616,0.03296530213557616
99,5,cat__TIME_OF_DAY_morning,0.0,0.0259661244239328,0.0259661244239328
100,1,num__SCHEDULED_DEPARTURE,0.5630596692708623,0.05137283415219827,0.05137283415219827
100,2,num__ROUTE_DELAY_RATE,0.9856137253759331,0.04368405262384613,0.04368405262384613
100,3,cat__TIME_OF_DAY_morning,0.0,0.032609890316225576,0.032609890316225576
100,4,num__CARRIER_DELAY_RATE_DOW,0.604026416249051,0.012126674113947047,0.012126674113947047
100,5,cat__SEASON_fall,0.0,0.011342582767274506,0.011342582767274506
101,1,num__SCHEDULED_DEPARTURE,1.2600040130351442,0.05369331406884839,0.05369331406884839
101,2,cat__TIME_OF_DAY_evening,1.0,0.03502711908462061,0.03502711908462061
101,3,cat__TIME_OF_DAY_morning,0.0,0.03355985846742442,0.03355985846742442
101,4,num__ROUTE_DELAY_RATE,-0.7208210941135764,-0.030623753075210515,0.030623753075210515
101,5,num__CARRIER_DELAY_RATE_DOW,-1.3411683417843352,-0.017803265558509338,0.017803265558509338
102,1,num__SCHEDULED_DEPARTURE,1.8783611607666584,0.04709830621409992,0.04709830621409992
102,2,cat__TIME_OF_DAY_morning,0.0,0.031007294287192053,0.031007294287192053
102,3,num__CARRIER_DELAY_RATE_DOW,0.92380329377068,0.017204764666958,0.017204764666958
102,4,num__ROUTE_DELAY_RATE,0.117428539900694,0.015790225565619948,0.015790225565619948
102,5,cat__SEASON_fall,0.0,0.012576015687673135,0.012576015687673135
103,1,num__SCHEDULED_DEPARTURE,1.0573317706348484,0.04854712709518935,0.04854712709518935
103,2,num__ROUTE_DELAY_RATE,-0.8354490683146523,-0.03512186263744297,0.03512186263744297
103,3,cat__TIME_OF_DAY_morning,0.0,0.034013867248486346,0.034013867248486346
103,4,cat__TIME_OF_DAY_evening,1.0,0.02854775087928374,0.02854775087928374
103,5,num__ORIGIN_DELAY_RATE,-1.1058747558003341,-0.012091036428678308,0.012091036428678308
104,1,num__SCHEDULED_DEPARTURE,0.8091616778997927,0.04328135810223785,0.04328135810223785
104,2,num__ROUTE_DELAY_RATE,-0.9481532849505379,-0.03774113500555359,0.03774113500555359
104,3,cat__TIME_OF_DAY_morning,0.0,0.028269075240036728,0.028269075240036728
104,4,cat__TIME_OF_DAY_evening,1.0,0.026530500387002574,0.026530500387002574
104,5,num__CARRIER_DELAY_RATE_DOW,-0.7394859199916759,-0.01842639311729954,0.01842639311729954
105,1,num__SCHEDULED_DEPARTURE,1.5102421898763254,0.041709370609089545,0.041709370609089545
105,2,num__ROUTE_DELAY_RATE,0.8387338612134083,0.04134656536716875,0.04134656536716875
105,3,cat__TIME_OF_DAY_evening,1.0,0.028827575487084686,0.028827575487084686
105,4,cat__TIME_OF_DAY_morning,0.0,0.027620844962993944,0.027620844962993944
105,5,cat__SEASON_winter,1.0,0.012346805802994822,0.012346805802994822
106,1,num__SCHEDULED_DEPARTURE,-1.455390418307592,-0.06748005598388318,0.06748005598388318
106,2,num__ROUTE_DELAY_RATE,-1.388410873037244,-0.05511358427272626,0.05511358427272626
106,3,cat__TIME_OF_DAY_morning,1.0,-0.028045037819429127,0.028045037819429127
106,4,num__DEST_DELAY_RATE,-1.6472699653144773,-0.015413094174446086,0.015413094174446086
106,5,cat__TIME_OF_DAY_evening,0.0,-0.00866008506615799,0.00866008506615799
107,1,num__SCHEDULED_DEPARTURE,-1.2796032692869277,-0.06542201302027024,0.06542201302027024
107,2,cat__TIME_OF_DAY_morning,1.0,-0.030402756872097144,0.030402756872097144
107,3,num__ROUTE_DELAY_RATE,0.06487571031811593,0.014569787032746718,0.014569787032746718
107,4,num__DEST_DELAY_RATE,1.1355434464170584,0.010592087307069278,0.010592087307069278
107,5,cat__TIME_OF_DAY_evening,0.0,-0.010483695266721042,0.010483695266721042
108,1,num__ROUTE_DELAY_RATE,2.1851532523410206,0.05622042982511402,0.05622042982511402
108,2,num__SCHEDULED_DEPARTURE,1.605374058758097,0.0508432060129735,0.0508432060129735
108,3,cat__TIME_OF_DAY_evening,1.0,0.03460896374905133,0.03460896374905133
108,4,cat__TIME_OF_DAY_morning,0.0,0.032405617644135416,0.032405617644135416
108,5,num__CARRIER_DELAY_RATE_DOW,0.7914974791915411,0.015328560781431405,0.015328560781431405
109,1,num__SCHEDULED_DEPARTURE,-1.4450499977769649,-0.06218358432330433,0.06218358432330433
109,2,num__ROUTE_DELAY_RATE,-0.9501998455357358,-0.038115114409524725,0.038115114409524725
109,3,cat__TIME_OF_DAY_morning,1.0,-0.02805882071733322,0.02805882071733322
109,4,num__CARRIER_DELAY_RATE_DOW,-1.3708314389516696,-0.014769473640101297,0.014769473640101297
109,5,num__CARRIER_DELAY_RATE,-1.5327753906460064,-0.013688877942013278,0.013688877942013278
110,1,num__ROUTE_DELAY_RATE,1.396652845486454,0.04929527312630626,0.04929527312630626
110,2,num__SCHEDULED_DEPARTURE,0.4265661182665815,0.0472324605970266,0.0472324605970266
110,3,cat__TIME_OF_DAY_morning,0.0,0.03656411970137924,0.03656411970137924
110,4,cat__SEASON_fall,0.0,0.012643498930683563,0.012643498930683563
110,5,num__ORIGIN_DELAY_RATE,0.9871891655118794,0.008479196785383464,0.008479196785383464
111,1,num__SCHEDULED_DEPARTURE,-1.4243691567157102,-0.06379561321260781,0.06379561321260781
111,2,num__ROUTE_DELAY_RATE,-0.8332790813178949,-0.032148447328286235,0.032148447328286235
111,3,cat__TIME_OF_DAY_morning,1.0,-0.02888301778614732,0.02888301778614732
111,4,cat__SEASON_winter,1.0,0.02533581867857947,0.02533581867857947
111,5,cat__TIME_OF_DAY_evening,0.0,-0.008808941055690411,0.008808941055690411
112,1,num__SCHEDULED_DEPARTURE,1.2227784991248858,0.04936257785694579,0.04936257785694579
112,2,num__ROUTE_DELAY_RATE,0.4445938359792358,0.034567914982367255,0.034567914982367255
112,3,cat__TIME_OF_DAY_evening,1.0,0.031344419783613374,0.031344419783613374
112,4,cat__TIME_OF_DAY_morning,0.0,0.031051763681900865,0.031051763681900865
112,5,num__ORIGIN_DELAY_RATE,-2.1997816032723994,-0.018042966814869034,0.018042966814869034
113,1,num__SCHEDULED_DEPARTURE,-1.4760712593688468,-0.08630221301000347,0.08630221301000347
113,2,num__ROUTE_DELAY_RATE,1.076480108811526,0.04300766369241273,0.04300766369241273
113,3,cat__TIME_OF_DAY_morning,1.0,-0.037002490720692546,0.037002490720692546
113,4,cat__AIRLINE_WN,1.0,-0.02806557857160783,0.02806557857160783
113,5,cat__SEASON_winter,1.0,0.015005441805460578,0.015005441805460578
114,1,num__ROUTE_DELAY_RATE,1.9487031316236667,0.055246858597092795,0.055246858597092795
114,2,cat__SEASON_fall,1.0,-0.047024364835001504,0.047024364835001504
114,3,num__SCHEDULED_DEPARTURE,0.5609915851647368,0.03819933704636469,0.03819933704636469
114,4,num__CARRIER_DELAY_RATE_DOW,-1.77721142023557,-0.029347636188139178,0.029347636188139178
114,5,cat__TIME_OF_DAY_morning,0.0,0.024066641581496243,0.024066641581496243
115,1,num__SCHEDULED_DEPARTURE,-1.502956352748478,-0.07250746257679339,0.07250746257679339
115,2,cat__TIME_OF_DAY_morning,1.0,-0.03355145888576317,0.03355145888576317
115,3,num__ROUTE_DELAY_RATE,-0.6408190702151136,-0.024086806251584676,0.024086806251584676
115,4,cat__TIME_OF_DAY_evening,0.0,-0.010140250508493409,0.010140250508493409
115,5,cat__SEASON_fall,0.0,0.006454064470424328,0.006454064470424328
116,1,num__SCHEDULED_DEPARTURE,1.036650929573594,0.04895767955974407,0.04895767955974407
116,2,cat__TIME_OF_DAY_evening,1.0,0.033214465879518686,0.033214465879518686
116,3,cat__TIME_OF_DAY_morning,0.0,0.031262693405469694,0.031262693405469694
116,4,num__ROUTE_DELAY_RATE,0.2867811237324951,0.02368019985488445,0.02368019985488445
116,5,num__CARRIER_DELAY_RATE_DOW,0.345565967028615,0.012670400284193875,0.012670400284193875
117,1,cat__SEASON_fall,1.0,-0.0339803296397281,0.0339803296397281
117,2,cat__TIME_OF_DAY_morning,1.0,-0.02295633394290235,0.02295633394290235
117,3,num__MONTH,0.7218709531941103,-0.012912206722628525,0.012912206722628525
117,4,num__DEST_DELAY_RATE,1.1355434464170584,0.00800746974270396,0.00800746974270396
117,5,cat__TIME_OF_DAY_evening,0.0,-0.007619398204553818,0.007619398204553818
118,1,num__SCHEDULED_DEPARTURE,-1.0934756997356356,-0.03957325336849408,0.03957325336849408
118,2,num__ROUTE_DELAY_RATE,-0.649413699502094,-0.029344836010179735,0.029344836010179735
118,3,cat__TIME_OF_DAY_morning,1.0,-0.025437907465925492,0.025437907465925492
118,4,num__ORIGIN_DELAY_RATE,-2.1997816032723994,-0.017501432758188003,0.017501432758188003
118,5,num__CARRIER_DELAY_RATE_DOW,-1.0790177703514467,-0.012834485990101712,0.012834485990101712
119,1,num__ROUTE_DELAY_RATE,-1.042402685412826,-0.045064742229005784,0.045064742229005784
119,2,num__CARRIER_DELAY_RATE_DOW,-2.557112513079236,-0.04212384251314461,0.04212384251314461
119,3,num__SCHEDULED_DEPARTURE,1.4171784051006795,0.03754139800686062,0.03754139800686062
119,4,cat__TIME_OF_DAY_morning,0.0,0.024762877995133294,0.024762877995133294
119,5,num__ORIGIN_DELAY_RATE,-1.597174023113434,-0.022740722150670082,0.022740722150670082
120,1,num__SCHEDULED_DEPARTURE,0.9952892474510845,0.049928598589399374,0.049928598589399374
120,2,cat__TIME_OF_DAY_morning,0.0,0.033578317960386815,0.033578317960386815
120,3,cat__TIME_OF_DAY_evening,1.0,0.03150692991808228,0.03150692991808228
120,4,num__ROUTE_DELAY_RATE,-0.2952234972256392,-0.014853949447390278,0.014853949447390278
120,5,cat__SEASON_winter,1.0,0.012469962307682181,0.012469962307682181
121,1,num__SCHEDULED_DEPARTURE,-1.2485820076950456,-0.05420885285868053,0.05420885285868053
121,2,cat__TIME_OF_DAY_morning,1.0,-0.028197881014430094,0.028197881014430094
121,3,num__CARRIER_DELAY_RATE_DOW,-1.3474727677019906,-0.0154467781126732,0.0154467781126732
121,4,num__CARRIER_DELAY_RATE,-1.5327753906460064,-0.011958142068233429,0.011958142068233429
121,5,cat__TIME_OF_DAY_evening,0.0,-0.009516835428571539,0.009516835428571539
122,1,num__SCHEDULED_DEPARTURE,1.276548685884148,0.04664826345826441,0.04664826345826441
122,2,num__ROUTE_DELAY_RATE,-1.212885476882193,-0.04474928064013966,0.04474928064013966
122,3,cat__TIME_OF_DAY_evening,1.0,0.03200623461309306,0.03200623461309306
122,4,cat__TIME_OF_DAY_morning,0.0,0.030540767996862995,0.030540767996862995
122,5,num__CARRIER_DELAY_RATE,0.33641904299212355,0.0126727279548345,0.0126727279548345
123,1,num__SCHEDULED_DEPARTURE,0.7677999957772833,0.05331151521304037,0.05331151521304037
123,2,cat__TIME_OF_DAY_morning,0.0,0.036080946481679345,0.036080946481679345
123,3,cat__TIME_OF_DAY_evening,1.0,0.034915023575686065,0.034915023575686065
123,4,cat__SEASON_summer,1.0,0.011587012072136532,0.011587012072136532
123,5,cat__SEASON_fall,0.0,0.011151154194949412,0.011151154194949412
124,1,num__ROUTE_DELAY_RATE,0.5233791263697126,0.03209844567590835,0.03209844567590835
124,2,num__SCHEDULED_DEPARTURE,-0.02841238508102094,0.02588183222362659,0.02588183222362659
124,3,cat__TIME_OF_DAY_morning,0.0,0.024710534321407067,0.024710534321407067
124,4,num__CARRIER_DELAY_RATE_DOW,0.3968129151670553,0.010998017485489982,0.010998017485489982
124,5,cat__SEASON_winter,1.0,0.010898415300894158,0.010898415300894158
125,1,cat__SEASON_winter,1.0,0.025896326572751604,0.025896326572751604
125,2,num__MONTH,-1.3382807362961495,0.023160053163261408,0.023160053163261408
125,3,num__CARRIER_DELAY_RATE,0.9509758155420798,0.019063713274126714,0.019063713274126714
125,4,cat__TIME_OF_DAY_morning,1.0,-0.01805456293530824,0.01805456293530824
125,5,num__SCHEDULED_DEPARTURE,-0.6591780374492879,-0.014716398824357385,0.014716398824357385
126,1,num__SCHEDULED_DEPARTURE,2.112054664758836,0.03792607794322293,0.03792607794322293
126,2,cat__SEASON_fall,1.0,-0.03789346235196035,0.03789346235196035
126,3,cat__TIME_OF_DAY_morning,0.0,0.028960151116775704,0.028960151116775704
126,4,num__ROUTE_DELAY_RATE,0.12456880100426942,0.01899681449555146,0.01899681449555146
126,5,num__ORIGIN_DELAY_RATE,-2.1997816032723994,-0.013627293892232046,0.013627293892232046
127,1,num__SCHEDULED_DEPARTURE,1.0676721911654758,0.05550687964191866,0.05550687964191866
127,2,cat__TIME_OF_DAY_evening,1.0,0.03581207029415509,0.03581207029415509
127,3,cat__TIME_OF_DAY_morning,0.0,0.034424394494412806,0.034424394494412806
127,4,num__CARRIER_DELAY_RATE_DOW,-1.3708314389516696,-0.02250375360780936,0.02250375360780936
127,5,num__ROUTE_DELAY_RATE,-0.38051556253491653,-0.020689406117576255,0.020689406117576255
128,1,num__SCHEDULED_DEPARTURE,0.8608637805529292,0.04559418702587209,0.04559418702587209
128,2,num__ROUTE_DELAY_RATE,0.5351909942420602,0.03144988935773199,0.03144988935773199
128,3,cat__TIME_OF_DAY_evening,1.0,0.030745122522139356,0.030745122522139356
128,4,cat__TIME_OF_DAY_morning,0.0,0.028334665158881764,0.028334665158881764
128,5,cat__SEASON_fall,0.0,0.01041925260761218,0.01041925260761218
129,1,num__SCHEDULED_DEPARTURE,-1.2444458394827946,-0.059732317969685485,0.059732317969685485
129,2,cat__TIME_OF_DAY_morning,1.0,-0.031052845653393887,0.031052845653393887
129,3,cat__TIME_OF_DAY_evening,0.0,-0.010488103687225702,0.010488103687225702
129,4,num__CARRIER_DELAY_RATE,0.33641904299212355,0.008332174399263294,0.008332174399263294
129,5,cat__SEASON_fall,0.0,0.007972343666808683,0.007972343666808683
130,1,num__ROUTE_DELAY_RATE,1.3514365451292338,0.050028414836476715,0.050028414836476715
130,2,num__SCHEDULED_DEPARTURE,1.2889571905209007,0.04000844168417416,0.04000844168417416
130,3,cat__TIME_OF_DAY_evening,1.0,0.02706303153173394,0.02706303153173394
130,4,cat__TIME_OF_DAY_morning,0.0,0.027020833195851992,0.027020833195851992
130,5,num__DEST_DELAY_RATE,2.279401970361597,0.013372837160573,0.013372837160573
131,1,num__ROUTE_DELAY_RATE,2.3543440815947916,0.060462505876050725,0.060462505876050725
131,2,cat__TIME_OF_DAY_morning,1.0,-0.027769458814523206,0.027769458814523206
131,3,num__ORIGIN_DELAY_RATE,1.2205410516138668,0.011245180178405008,0.011245180178405008
131,4,num__SCHEDULED_DEPARTURE,-0.566114252673642,-0.011017914576111707,0.011017914576111707
131,5,cat__SEASON_fall,0.0,0.009657582358793207,0.009657582358793207
132,1,num__ROUTE_DELAY_RATE,1.472583591295624,0.056622558999711144,0.056622558999711144
132,2,num__SCHEDULED_DEPARTURE,-1.17826714808678,-0.03827339369327433,0.03827339369327433
132,3,cat__TIME_OF_DAY_morning,1.0,-0.02404294306513748,0.02404294306513748
132,4,num__CARRIER_DELAY_RATE_DOW,-2.130614833904155,-0.01762276968722972,0.01762276968722972
132,5,num__DEST_DELAY_RATE,1.256578391486225,0.016525924511324775,0.016525924511324775
133,1,num__ROUTE_DELAY_RATE,-1.978625343043689,-0.05958325864417475,0.05958325864417475
133,2,cat__SEASON_fall,1.0,-0.03633097055884036,0.03633097055884036
133,3,cat__TIME_OF_DAY_morning,1.0,-0.01826374291456091,0.01826374291456091
133,4,num__SCHEDULED_DEPARTURE,-0.8246247659393252,-0.01719289088164942,0.01719289088164942
133,5,num__CARRIER_DELAY_RATE_DOW,-1.3411683417843352,-0.013185785182845394,0.013185785182845394
134,1,num__ROUTE_DELAY_RATE,-1.410343208969966,-0.05449580960375442,0.05449580960375442
134,2,cat__SEASON_fall,1.0,-0.0462206925220562,0.0462206925220562
134,3,num__SCHEDULED_DEPARTURE,0.3955448566746995,0.03033565733428986,0.03033565733428986
134,4,num__CARRIER_DELAY_RATE_DOW,2.2039038961020374,0.023316626140183417,0.023316626140183417
134,5,cat__TIME_OF_DAY_morning,0.0,0.02260433499809096,0.02260433499809096
135,1,num__SCHEDULED_DEPARTURE,0.1990768665927803,0.04091587549104134,0.04091587549104134
135,2,cat__TIME_OF_DAY_morning,0.0,0.033629131009197406,0.033629131009197406
135,3,num__ROUTE_DELAY_RATE,0.5400085683889746,0.03027331949228028,0.03027331949228028
135,4,cat__SEASON_fall,0.0,0.012894095072429081,0.012894095072429081
135,5,cat__TIME_OF_DAY_evening,0.0,-0.00702783018561604,0.00702783018561604
136,1,num__SCHEDULED_DEPARTURE,-1.6518584083895114,-0.0863968827325357,0.0863968827325357
136,2,cat__TIME_OF_DAY_morning,1.0,-0.04266559406529723,0.04266559406529723
136,3,num__ROUTE_DELAY_RATE,-0.4137509914882705,-0.019468635018665737,0.019468635018665737
136,4,cat__AIRLINE_WN,1.0,-0.01704518041823576,0.01704518041823576
136,5,cat__TIME_OF_DAY_evening,0.0,-0.012572494536148043,0.012572494536148043
137,1,num__SCHEDULED_DEPARTURE,0.3955448566746995,0.02775649057371311,0.02775649057371311
137,2,cat__TIME_OF_DAY_morning,0.0,0.020386899819391145,0.020386899819391145
137,3,cat__SEASON_winter,1.0,0.01630162816241409,0.01630162816241409
137,4,num__MONTH,-1.3382807362961495,0.014416288275024272,0.014416288275024272
137,5,num__CARRIER_DELAY_RATE,0.9509758155420798,0.013735275411477232,0.013735275411477232
138,1,num__ROUTE_DELAY_RATE,-0.7289125207854265,-0.034750965885396,0.034750965885396
138,2,cat__TIME_OF_DAY_morning,0.0,0.02267792605257,0.02267792605257
138,3,num__SCHEDULED_DEPARTURE,0.023289717572115703,0.02047323584737114,0.02047323584737114
138,4,num__CARRIER_DELAY_RATE_DOW,-0.8271442517528508,-0.02014906323897094,0.02014906323897094
138,5,num__CARRIER_DELAY_RATE,-1.5327753906460064,-0.017723231285201563,0.017723231285201563
139,1,num__ROUTE_DELAY_RATE,-1.335294949485776,-0.05149657830393153,0.05149657830393153
139,2,cat__TIME_OF_DAY_morning,0.0,0.03298430454913159,0.03298430454913159
139,3,num__SCHEDULED_DEPARTURE,-0.05943364667290292,0.03198650820407238,0.03198650820407238
139,4,num__CARRIER_DELAY_RATE_DOW,0.5901803352962283,0.014212948404720009,0.014212948404720009
139,5,cat__SEASON_fall,0.0,0.009908412565205254,0.009908412565205254
140,1,num__SCHEDULED_DEPARTURE,-1.0438416811886246,-0.039855382972739335,0.039855382972739335
140,2,num__ROUTE_DELAY_RATE,-0.7645889708422385,-0.03568984019378831,0.03568984019378831
140,3,cat__TIME_OF_DAY_morning,1.0,-0.02826228680152326,0.02826228680152326
140,4,num__CARRIER_DELAY_RATE_DOW,-1.3411683417843352,-0.01551224619074219,0.01551224619074219
140,5,num__CARRIER_DELAY_RATE,-1.5327753906460064,-0.014725314817646905,0.014725314817646905
141,1,num__SCHEDULED_DEPARTURE,-1.3002841103481824,-0.07048441110695194,0.07048441110695194
141,2,num__ROUTE_DELAY_RATE,-1.0216724851157823,-0.03910093832614393,0.03910093832614393
141,3,cat__TIME_OF_DAY_morning,1.0,-0.034441747652786035,0.034441747652786035
141,4,cat__TIME_OF_DAY_evening,0.0,-0.010382946921092753,0.010382946921092753
141,5,cat__SEASON_winter,0.0,-0.006547592500778592,0.006547592500778592
142,1,num__ROUTE_DELAY_RATE,-1.8299312669599894,-0.06390099993190688,0.06390099993190688
142,2,cat__TIME_OF_DAY_morning,1.0,-0.020839206568289227,0.020839206568289227
142,3,num__CARRIER_DELAY_RATE_DOW,-1.77721142023557,-0.02029516016057869,0.02029516016057869
142,4,num__CARRIER_DELAY_RATE,-1.5327753906460064,-0.01501577716504471,0.01501577716504471
142,5,cat__AIRLINE_DL,1.0,-0.009662060297939661,0.009662060297939661
143,1,num__SCHEDULED_DEPARTURE,-1.2072203255725362,-0.06703490774833654,0.06703490774833654
143,2,cat__TIME_OF_DAY_morning,1.0,-0.04017228005509423,0.04017228005509423
143,3,num__ROUTE_DELAY_RATE,-0.5636033963906184,-0.024640513116730746,0.024640513116730746
143,4,cat__AIRLINE_WN,1.0,-0.0156047063284268,0.0156047063284268
143,5,cat__TIME_OF_DAY_evening,0.0,-0.012515539648186405,0.012515539648186405
144,1,num__SCHEDULED_DEPARTURE,-1.3002841103481824,-0.07918248049673365,0.07918248049673365
144,2,cat__TIME_OF_DAY_morning,1.0,-0.035660141612956976,0.035660141612956976
144,3,cat__AIRLINE_WN,1.0,-0.029185278746407448,0.029185278746407448
144,4,num__ROUTE_DELAY_RATE,0.44705923444245554,0.026437506461602426,0.026437506461602426
144,5,cat__SEASON_winter,1.0,0.015463195967761294,0.015463195967761294
145,1,num__SCHEDULED_DEPARTURE,1.9155866746769168,0.05241951484295214,0.05241951484295214
145,2,num__ROUTE_DELAY_RATE,0.8828700784248557,0.04356311982592615,0.04356311982592615
145,3,cat__TIME_OF_DAY_morning,0.0,0.0339839576434315,0.0339839576434315
145,4,num__CARRIER_DELAY_RATE_DOW,1.001869518220096,0.016451505754766914,0.016451505754766914
145,5,num__CARRIER_DELAY_RATE,1.2331620163446775,0.011051126488423506,0.011051126488423506
146,1,cat__SEASON_fall,1.0,-0.04016757744391271,0.04016757744391271
146,2,num__SCHEDULED_DEPARTURE,0.054310979163997686,0.0353760428416308,0.0353760428416308
146,3,cat__TIME_OF_DAY_morning,0.0,0.032088221431185955,0.032088221431185955
146,4,num__ROUTE_DELAY_RATE,0.0014913710210614595,0.011129519189428266,0.011129519189428266
146,5,num__CARRIER_DELAY_RATE_DOW,0.03955352091127749,0.008530674822043238,0.008530674822043238
147,1,num__SCHEDULED_DEPARTURE,-1.4450499977769649,-0.07930011672892306,0.07930011672892306
147,2,cat__TIME_OF_DAY_morning,1.0,-0.036741839923970475,0.036741839923970475
147,3,num__ROUTE_DELAY_RATE,-0.7405946763117676,-0.02605233181750691,0.02605233181750691
147,4,cat__AIRLINE_WN,1.0,-0.022666331615000673,0.022666331615000673
147,5,cat__SEASON_winter,1.0,0.01649484453668947,0.01649484453668947
148,1,num__SCHEDULED_DEPARTURE,-1.6559945766017623,-0.07525743439447524,0.07525743439447524
148,2,cat__TIME_OF_DAY_morning,1.0,-0.0341959825376307,0.0341959825376307
148,3,cat__TIME_OF_DAY_evening,0.0,-0.011114645064865272,0.011114645064865272
148,4,cat__SEASON_fall,0.0,0.008049124323104024,0.008049124323104024
148,5,num__ROUTE_DELAY_RATE,0.000635949691447316,0.007049982334087872,0.007049982334087872
149,1,cat__SEASON_fall,1.0,-0.03337440616420508,0.03337440616420508
149,2,cat__TIME_OF_DAY_morning,1.0,-0.02915496039569916,0.02915496039569916
149,3,num__SCHEDULED_DEPARTURE,-1.0004119149599897,-0.026878178758324794,0.026878178758324794
149,4,num__ROUTE_DELAY_RATE,0.5303820077603277,0.02596707215980814,0.02596707215980814
149,5,cat__AIRLINE_WN,1.0,-0.01520640190224185,0.01520640190224185
150,1,num__SCHEDULED_DEPARTURE,-1.3933478951238283,-0.06316651826149382,0.06316651826149382
150,2,num__ROUTE_DELAY_RATE,-1.1635649800481243,-0.0413333952126527,0.0413333952126527
150,3,cat__TIME_OF_DAY_morning,1.0,-0.031140739124853097,0.031140739124853097
150,4,num__CARRIER_DELAY_RATE,-1.5327753906460064,-0.013399217726091593,0.013399217726091593
150,5,cat__TIME_OF_DAY_evening,0.0,-0.010706665185512065,0.010706665185512065
151,1,num__ROUTE_DELAY_RATE,-0.9742447750687618,-0.03784735635187417,0.03784735635187417
151,2,cat__SEASON_fall,1.0,-0.03261734545620129,0.03261734545620129
151,3,num__SCHEDULED_DEPARTURE,-1.0314331765518718,-0.028649523426811357,0.028649523426811357
151,4,cat__TIME_OF_DAY_morning,1.0,-0.019902429544308688,0.019902429544308688
151,5,num__CARRIER_DELAY_RATE_DOW,-1.3708314389516696,-0.01734440520995122,0.01734440520995122
152,1,num__SCHEDULED_DEPARTURE,-1.2485820076950456,-0.04886059203505056,0.04886059203505056
152,2,cat__SEASON_winter,1.0,0.02898805562056168,0.02898805562056168
152,3,num__MONTH,-1.6325881205090438,0.02627771012312337,0.02627771012312337
152,4,num__ROUTE_DELAY_RATE,0.2701943063233008,0.023686345741659807,0.023686345741659807
152,5,cat__TIME_OF_DAY_morning,1.0,-0.0223001632014666,0.0223001632014666
153,1,num__ROUTE_DELAY_RATE,2.274876264228182,0.058067824994102464,0.058067824994102464
153,2,num__SCHEDULED_DEPARTURE,1.4916294329211963,0.04003950698330755,0.04003950698330755
153,3,cat__TIME_OF_DAY_evening,1.0,0.03224640458083286,0.03224640458083286
153,4,num__CARRIER_DELAY_RATE_DOW,3.538242911616286,0.028181052651034405,0.028181052651034405
153,5,num__CARRIER_DELAY_RATE,3.400685234442856,0.025988663037373953,0.025988663037373953
154,1,num__SCHEDULED_DEPARTURE,1.4068379845700523,0.04449132315010047,0.04449132315010047
154,2,num__ROUTE_DELAY_RATE,-0.6961343537469745,-0.03426183860941819,0.03426183860941819
154,3,cat__TIME_OF_DAY_morning,0.0,0.03135854129039672,0.03135854129039672
154,4,cat__TIME_OF_DAY_evening,1.0,0.02456488076511505,0.02456488076511505
154,5,num__ORIGIN_DELAY_RATE,-1.436658790848525,-0.023707301049860234,0.023707301049860234
155,1,num__ROUTE_DELAY_RATE,-2.5131202651823936,-0.09146264640628488,0.09146264640628488
155,2,cat__SEASON_fall,1.0,-0.028882448124177243,0.028882448124177243
155,3,num__ORIGIN_DELAY_RATE,-2.0293048996789107,-0.02258452289823822,0.02258452289823822
155,4,cat__TIME_OF_DAY_morning,0.0,0.022141364852918743,0.022141364852918743
155,5,num__DEST_DELAY_RATE,-1.542316527477014,-0.01826127354369305,0.01826127354369305
156,1,num__SCHEDULED_DEPARTURE,0.03363013810274303,0.03299757273708792,0.03299757273708792
156,2,cat__TIME_OF_DAY_morning,0.0,0.0325337320780136,0.0325337320780136
156,3,num__ROUTE_DELAY_RATE,-0.38317809425372373,-0.01891890623890049,0.01891890623890049
156,4,num__CARRIER_DELAY_RATE_DOW,0.20768322824875426,0.010734596233169214,0.010734596233169214
156,5,cat__SEASON_fall,0.0,0.01033631614051501,0.01033631614051501
157,1,num__SCHEDULED_DEPARTURE,0.8091616778997927,0.04181044821619935,0.04181044821619935
157,2,num__ROUTE_DELAY_RATE,-0.9481532849505379,-0.03558709838608138,0.03558709838608138
157,3,cat__TIME_OF_DAY_morning,0.0,0.0289111293895985,0.0289111293895985
157,4,cat__TIME_OF_DAY_evening,1.0,0.02568509810304022,0.02568509810304022
157,5,cat__SEASON_winter,1.0,0.011710905514451041,0.011710905514451041
158,1,num__SCHEDULED_DEPARTURE,1.078012611696103,0.06036601256669883,0.06036601256669883
158,2,cat__TIME_OF_DAY_morning,0.0,0.040927850295147436,0.040927850295147436
158,3,cat__TIME_OF_DAY_evening,1.0,0.037934759239788035,0.037934759239788035
158,4,num__ROUTE_DELAY_RATE,-0.627537795555329,-0.027032917754813753,0.027032917754813753
158,5,cat__SEASON_summer,1.0,0.015751436448429103,0.015751436448429103
159,1,cat__TIME_OF_DAY_morning,0.0,0.0260885380340369,0.0260885380340369
159,2,num__CARRIER_DELAY_RATE_DOW,-1.3411683417843352,-0.02237103261847551,0.02237103261847551
159,3,num__CARRIER_DELAY_RATE,-1.5327753906460064,-0.015609492852186123,0.015609492852186123
159,4,num__ROUTE_DELAY_RATE,-0.22679720767920963,-0.014065321031357597,0.014065321031357597
159,5,cat__AIRLINE_DL,1.0,-0.012720395160413319,0.012720395160413319
160,1,num__ROUTE_DELAY_RATE,-1.0649813135750663,-0.04316598462615502,0.04316598462615502
160,2,num__CARRIER_DELAY_RATE_DOW,-1.9580636641336575,-0.030819266958565093,0.030819266958565093
160,3,cat__TIME_OF_DAY_morning,0.0,0.02575598488151627,0.02575598488151627
160,4,num__SCHEDULED_DEPARTURE,-0.18351869304043086,0.021841039073142384,0.021841039073142384
160,5,num__CARRIER_DELAY_RATE,-1.7129509912325944,-0.018015786106359427,0.018015786106359427
161,1,num__SCHEDULED_DEPARTURE,-1.0934756997356356,-0.045900319253455564,0.045900319253455564
161,2,cat__TIME_OF_DAY_morning,1.0,-0.02771930263987315,0.02771930263987315
161,3,cat__TIME_OF_DAY_evening,0.0,-0.009665448158286835,0.009665448158286835
161,4,cat__SEASON_fall,0.0,0.008981141382685109,0.008981141382685109
161,5,num__MONTH,-1.0439733520832553,0.008478738915146096,0.008478738915146096
162,1,cat__SEASON_fall,1.0,-0.05385024409335301,0.05385024409335301
162,2,num__SCHEDULED_DEPARTURE,0.8401829394916747,0.04002577526838649,0.04002577526838649
162,3,num__ROUTE_DELAY_RATE,0.9355269112513269,0.03915883878189561,0.03915883878189561
162,4,cat__TIME_OF_DAY_evening,1.0,0.028242418941413234,0.028242418941413234
162,5,cat__TIME_OF_DAY_morning,0.0,0.02668181132072277,0.02668181132072277
163,1,num__SCHEDULED_DEPARTURE,1.8949058336156621,0.04594371834788035,0.04594371834788035
163,2,cat__TIME_OF_DAY_morning,0.0,0.028190738633761613,0.028190738633761613
163,3,num__CARRIER_DELAY_RATE_DOW,-1.3708314389516696,-0.02344015171346882,0.02344015171346882
163,4,num__ROUTE_DELAY_RATE,-0.4142019560757277,-0.021356034780412755,0.021356034780412755
163,5,num__CARRIER_DELAY_RATE,-1.5327753906460064,-0.015078593765063033,0.015078593765063033
164,1,num__ROUTE_DELAY_RATE,-1.8676650674843651,-0.07717364430764065,0.07717364430764065
164,2,num__SCHEDULED_DEPARTURE,0.4493150434339616,0.03421223000486634,0.03421223000486634
164,3,cat__SEASON_fall,1.0,-0.03012864382892076,0.03012864382892076
164,4,num__CARRIER_DELAY_RATE_DOW,-2.974397100356227,-0.027489303731953213,0.027489303731953213
164,5,num__ORIGIN_DELAY_RATE,-2.1997816032723994,-0.02325585227163515,0.02325585227163515
165,1,cat__SEASON_fall,1.0,-0.05406927562693454,0.05406927562693454
165,2,num__SCHEDULED_DEPARTURE,0.6540553699403827,0.03614801897191001,0.03614801897191001
165,3,num__CARRIER_DELAY_RATE_DOW,-1.3708314389516696,-0.027052306007617516,0.027052306007617516
165,4,num__ROUTE_DELAY_RATE,0.28769124164530735,0.022868057825648977,0.022868057825648977
165,5,cat__TIME_OF_DAY_morning,0.0,0.022050625868571386,0.022050625868571386
166,1,num__ROUTE_DELAY_RATE,-2.2585988736877725,-0.07073895676897336,0.07073895676897336
166,2,num__SCHEDULED_DEPARTURE,-1.3933478951238283,-0.06302617534745536,0.06302617534745536
166,3,cat__TIME_OF_DAY_morning,1.0,-0.029146293491669438,0.029146293491669438
166,4,cat__SEASON_fall,1.0,-0.026145114150823476,0.026145114150823476
166,5,num__ORIGIN_DELAY_RATE,-2.268363053493178,-0.022914012576261484,0.022914012576261484
167,1,num__ROUTE_DELAY_RATE,0.7937495101596217,0.038749777852287934,0.038749777852287934
167,2,num__SCHEDULED_DEPARTURE,0.03363013810274303,0.031461292686881276,0.031461292686881276
167,3,cat__TIME_OF_DAY_morning,0.0,0.029920170595560194,0.029920170595560194
167,4,cat__SEASON_fall,0.0,0.011222166673887842,0.011222166673887842
167,5,num__ORIGIN_DELAY_RATE,0.8432089541962535,0.008255568334373038,0.008255568334373038
168,1,num__SCHEDULED_DEPARTURE,-1.2940798580298059,-0.06247201166081823,0.06247201166081823
168,2,cat__TIME_OF_DAY_morning,1.0,-0.02676325517823443,0.02676325517823443
168,3,cat__SEASON_winter,1.0,0.024454782969060035,0.024454782969060035
168,4,num__CARRIER_DELAY_RATE,1.2331620163446775,0.021083179886959444,0.021083179886959444
168,5,num__CARRIER_DELAY_RATE_DOW,1.1481452132755219,0.017533654853746156,0.017533654853746156
169,1,cat__SEASON_fall,1.0,-0.03272179872096558,0.03272179872096558
169,2,cat__TIME_OF_DAY_morning,1.0,-0.022576581211696974,0.022576581211696974
169,3,num__SCHEDULED_DEPARTURE,-0.9900714944293625,-0.02194269219355192,0.02194269219355192
169,4,num__ROUTE_DELAY_RATE,0.35866053954693705,0.02161923476948232,0.02161923476948232
169,5,cat__TIME_OF_DAY_evening,0.0,-0.008515622569282186,0.008515622569282186
170,1,num__SCHEDULED_DEPARTURE,1.4606081713293142,0.04506946797901492,0.04506946797901492
170,2,num__ROUTE_DELAY_RATE,0.37538050875478235,0.03134679587137953,0.03134679587137953
170,3,cat__TIME_OF_DAY_evening,1.0,0.029832499936642307,0.029832499936642307
170,4,cat__TIME_OF_DAY_morning,0.0,0.029442591293800432,0.029442591293800432
170,5,cat__SEASON_fall,0.0,0.010363211950061669,0.010363211950061669
171,1,num__SCHEDULED_DEPARTURE,0.37486401561344485,0.04234837964028202,0.04234837964028202
171,2,cat__TIME_OF_DAY_morning,0.0,0.03260088950319414,0.03260088950319414
171,3,num__ROUTE_DELAY_RATE,-0.7405946763117676,-0.029569253727249816,0.029569253727249816
171,4,cat__SEASON_fall,0.0,0.010200910019925687,0.010200910019925687
171,5,cat__SEASON_winter,1.0,0.00998244658129579,0.00998244658129579
172,1,cat__TIME_OF_DAY_morning,0.0,0.03154507920041851,0.03154507920041851
172,2,cat__SEASON_fall,1.0,-0.030953071813369207,0.030953071813369207
172,3,num__SCHEDULED_DEPARTURE,-0.22488037516294015,0.028308840065126333,0.028308840065126333
172,4,num__ROUTE_DELAY_RATE,-0.5634369847041809,-0.017067612120320062,0.017067612120320062
172,5,num__CARRIER_DELAY_RATE_DOW,0.39907038343831064,0.01287973906957859,0.01287973906957859
173,1,num__ROUTE_DELAY_RATE,0.9910755906032802,0.043949074340746394,0.043949074340746394
173,2,num__SCHEDULED_DEPARTURE,-1.072794858674381,-0.04345167522048314,0.04345167522048314
173,3,cat__TIME_OF_DAY_morning,1.0,-0.03102872893256972,0.03102872893256972
173,4,cat__SEASON_winter,1.0,0.01834110467178107,0.01834110467178107
173,5,cat__AIRLINE_WN,1.0,-0.01761167369750183,0.01761167369750183
174,1,cat__SEASON_fall,1.0,-0.05066280397613355,0.05066280397613355
174,2,num__SCHEDULED_DEPARTURE,1.8121824693706434,0.0501674283794705,0.0501674283794705
174,3,cat__TIME_OF_DAY_morning,0.0,0.03479971980645587,0.03479971980645587
174,4,num__ROUTE_DELAY_RATE,0.3160519299785481,0.018832217107894848,0.018832217107894848
174,5,num__MONTH,1.3104857216198988,-0.013121148002219342,0.013121148002219342
175,1,num__ROUTE_DELAY_RATE,1.182112208346544,0.05450647614483842,0.05450647614483842
175,2,num__SCHEDULED_DEPARTURE,0.8091616778997927,0.0500204723134766,0.0500204723134766
175,3,cat__TIME_OF_DAY_evening,1.0,0.03294474335976247,0.03294474335976247
175,4,cat__TIME_OF_DAY_morning,0.0,0.032422360483042215,0.032422360483042215
175,5,num__ORIGIN_DELAY_RATE,1.0534917164780082,0.010911204681451635,0.010911204681451635
176,1,num__SCHEDULED_DEPARTURE,1.036650929573594,0.05639939526107355,0.05639939526107355
176,2,cat__TIME_OF_DAY_evening,1.0,0.03695647858379289,0.03695647858379289
176,3,cat__TIME_OF_DAY_morning,0.0,0.033633313638802065,0.033633313638802065
176,4,num__CARRIER_DELAY_RATE_DOW,-0.8271442517528508,-0.01579642724796031,0.01579642724796031
176,5,num__CARRIER_DELAY_RATE,-1.5327753906460064,-0.013822292453951376,0.013822292453951376
177,1,num__ROUTE_DELAY_RATE,2.107623759786962,0.049565075011544196,0.049565075011544196
177,2,cat__SEASON_fall,1.0,-0.046524733032063066,0.046524733032063066
177,3,num__SCHEDULED_DEPARTURE,1.6363953203499788,0.03867580771899157,0.03867580771899157
177,4,cat__TIME_OF_DAY_evening,1.0,0.030623166774309995,0.030623166774309995
177,5,cat__TIME_OF_DAY_morning,0.0,0.025933146576103353,0.025933146576103353
178,1,num__SCHEDULED_DEPARTURE,-1.2485820076950456,-0.04583943307665777,0.04583943307665777
178,2,cat__SEASON_fall,1.0,-0.028944786056651992,0.028944786056651992
178,3,num__ROUTE_DELAY_RATE,-0.6475593846975077,-0.025840231426209358,0.025840231426209358
178,4,cat__TIME_OF_DAY_morning,1.0,-0.02253900557559632,0.02253900557559632
178,5,num__CARRIER_DELAY_RATE_DOW,-1.3411683417843352,-0.014185282377904968,0.014185282377904968
179,1,num__ROUTE_DELAY_RATE,-1.4033002527281284,-0.050599106229731204,0.050599106229731204
179,2,cat__SEASON_fall,1.0,-0.030850207020648668,0.030850207020648668
179,3,cat__TIME_OF_DAY_morning,1.0,-0.019110662195012083,0.019110662195012083
179,4,num__CARRIER_DELAY_RATE_DOW,-1.3411683417843352,-0.01575635207194182,0.01575635207194182
179,5,num__CARRIER_DELAY_RATE,-1.5327753906460064,-0.013817984483275723,0.013817984483275723
180,1,num__ROUTE_DELAY_RATE,0.7320274763740244,0.03904240230076539,0.03904240230076539
180,2,num__SCHEDULED_DEPARTURE,0.06258331558849956,0.029608572519036896,0.029608572519036896
180,3,cat__TIME_OF_DAY_morning,0.0,0.026578633008703036,0.026578633008703036
180,4,num__CARRIER_DELAY_RATE_DOW,-0.8223788471025169,-0.02003445400414421,0.02003445400414421
180,5,num__DEST_DELAY_RATE,1.2271731178440963,0.012951316876083183,0.012951316876083183
181,1,num__ROUTE_DELAY_RATE,-1.3637309253768803,-0.052053303248596874,0.052053303248596874
181,2,num__SCHEDULED_DEPARTURE,0.5713320056953641,0.047473899079393506,0.047473899079393506
181,3,cat__SEASON_fall,1.0,-0.04660609587084991,0.04660609587084991
181,4,cat__TIME_OF_DAY_morning,0.0,0.03039475429750837,0.03039475429750837
181,5,num__MONTH,0.7218709531941103,-0.015681454910254616,0.015681454910254616
182,1,cat__SEASON_fall,1.0,-0.05227370317649047,0.05227370317649047
182,2,num__SCHEDULED_DEPARTURE,1.295161442839277,0.04748462756846493,0.04748462756846493
182,3,num__ROUTE_DELAY_RATE,1.0807463593195055,0.041956117413099035,0.041956117413099035
182,4,cat__TIME_OF_DAY_evening,1.0,0.033023129759776566,0.033023129759776566
182,5,cat__TIME_OF_DAY_morning,0.0,0.03295565596861252,0.03295565596861252
183,1,num__ROUTE_DELAY_RATE,-1.2208717855360702,-0.04423110877150066,0.04423110877150066
183,2,num__SCHEDULED_DEPARTURE,-1.0934756997356356,-0.03829379682574654,0.03829379682574654
183,3,cat__TIME_OF_DAY_morning,1.0,-0.02398285671037229,0.02398285671037229
183,4,num__CARRIER_DELAY_RATE_DOW,-1.214785020381351,-0.01463650893796057,0.01463650893796057
183,5,num__CARRIER_DELAY_RATE,-1.5327753906460064,-0.01306833626486423,0.01306833626486423
184,1,num__SCHEDULED_DEPARTURE,1.4709485918599416,0.04621156238070853,0.04621156238070853
184,2,cat__TIME_OF_DAY_evening,1.0,0.030379958729238297,0.030379958729238297
184,3,cat__TIME_OF_DAY_morning,0.0,0.02887203429197143,0.02887203429197143
184,4,num__CARRIER_DELAY_RATE_DOW,-1.3411683417843352,-0.023487894671343382,0.023487894671343382
184,5,num__ROUTE_DELAY_RATE,-0.34998607358577705,-0.021437519150076696,0.021437519150076696
185,1,cat__TIME_OF_DAY_morning,1.0,-0.02919484951985396,0.02919484951985396
185,2,num__ROUTE_DELAY_RATE,-0.2930377096614321,-0.018686045672016007,0.018686045672016007
185,3,num__SCHEDULED_DEPARTURE,-0.570250420885893,-0.013590084472712078,0.013590084472712078
185,4,num__CARRIER_DELAY_RATE,0.6288021303283584,0.012570748807443124,0.012570748807443124
185,5,cat__TIME_OF_DAY_evening,0.0,-0.009210055993091828,0.009210055993091828
186,1,num__ROUTE_DELAY_RATE,-2.037774680503706,-0.08678881684359226,0.08678881684359226
186,2,num__ORIGIN_DELAY_RATE,-2.2706966857085,-0.040627254050286866,0.040627254050286866
186,3,num__CARRIER_DELAY_RATE_DOW,-2.557112513079236,-0.03164873622547248,0.03164873622547248
186,4,cat__TIME_OF_DAY_morning,1.0,-0.02222637901604685,0.02222637901604685
186,5,num__CARRIER_DELAY_RATE,-2.315373648704183,-0.02204506216194204,0.02204506216194204
187,1,num__ROUTE_DELAY_RATE,0.5617733023337026,0.030461707225929332,0.030461707225929332
187,2,cat__TIME_OF_DAY_morning,1.0,-0.02715110847331289,0.02715110847331289
187,3,num__CARRIER_DELAY_RATE_DOW,1.3349428989870944,0.013935329195351186,0.013935329195351186
187,4,cat__SEASON_fall,0.0,0.010268280144143773,0.010268280144143773
187,5,num__CARRIER_DELAY_RATE,0.9509758155420798,0.01003219508307211,0.01003219508307211
188,1,num__ROUTE_DELAY_RATE,1.6802239717371812,0.048570685749580206,0.048570685749580206
188,2,num__SCHEDULED_DEPARTURE,0.8277744348549219,0.03925263173624899,0.03925263173624899
188,3,cat__SEASON_fall,1.0,-0.03532767798334589,0.03532767798334589
188,4,cat__TIME_OF_DAY_evening,1.0,0.028666393571786557,0.028666393571786557
188,5,cat__TIME_OF_DAY_morning,0.0,0.02442483942953686,0.02442483942953686
189,1,cat__SEASON_fall,1.0,-0.04971459303885695,0.04971459303885695
189,2,num__ROUTE_DELAY_RATE,1.1656031335237151,0.0422316559192268,0.0422316559192268
189,3,num__SCHEDULED_DEPARTURE,0.8298425189610473,0.033743974108456316,0.033743974108456316
189,4,cat__TIME_OF_DAY_evening,1.0,0.028248373094279487,0.028248373094279487
189,5,num__CARRIER_DELAY_RATE,3.400685234442856,0.0266380437126827,0.0266380437126827
190,1,num__ROUTE_DELAY_RATE,-0.6125621540994118,-0.025784223262107844,0.025784223262107844
190,2,cat__TIME_OF_DAY_morning,1.0,-0.023281948260978423,0.023281948260978423
190,3,num__CARRIER_DELAY_RATE_DOW,0.8720805653687079,0.014699576415900993,0.014699576415900993
190,4,num__CARRIER_DELAY_RATE,0.33641904299212355,0.009942443365071085,0.009942443365071085
190,5,cat__SEASON_fall,0.0,0.009635540850993038,0.009635540850993038
191,1,num__ROUTE_DELAY_RATE,-2.3121823245287447,-0.07917775428644745,0.07917775428644745
191,2,cat__SEASON_fall,1.0,-0.026313200752376815,0.026313200752376815
191,3,cat__TIME_OF_DAY_morning,1.0,-0.020523623554354345,0.020523623554354345
191,4,num__SCHEDULED_DEPARTURE,-0.6591780374492879,-0.016127370598524066,0.016127370598524066
191,5,num__ORIGIN_DELAY_RATE,-1.2999747670561488,-0.01405333308607169,0.01405333308607169
192,1,num__SCHEDULED_DEPARTURE,-2.640402611117484,-0.05790600427457321,0.05790600427457321
192,2,num__ROUTE_DELAY_RATE,1.125766629723385,0.04378329364943056,0.04378329364943056
192,3,cat__TIME_OF_DAY_morning,0.0,0.03626173655477032,0.03626173655477032
192,4,num__CARRIER_DELAY_RATE,0.6288021303283584,0.010690664657472553,0.010690664657472553
192,5,cat__SEASON_fall,0.0,0.010576705699359082,0.010576705699359082
193,1,cat__SEASON_fall,1.0,-0.03233715280405022,0.03233715280405022
193,2,num__ROUTE_DELAY_RATE,0.6502170291078945,0.030996540200931122,0.030996540200931122
193,3,cat__TIME_OF_DAY_morning,1.0,-0.02796434307945674,0.02796434307945674
193,4,num__CARRIER_DELAY_RATE_DOW,1.731859314986339,0.01456766264513135,0.01456766264513135
193,5,num__CARRIER_DELAY_RATE,1.2331620163446775,0.01239648147560274,0.01239648147560274
194,1,num__SCHEDULED_DEPARTURE,-0.15249743144854888,0.031677860946776944,0.031677860946776944
194,2,cat__TIME_OF_DAY_morning,0.0,0.029851013835818774,0.029851013835818774
194,3,num__ROUTE_DELAY_RATE,0.6470321941778278,0.028407282144908095,0.028407282144908095
194,4,cat__SEASON_winter,1.0,0.013790581091095646,0.013790581091095646
194,5,cat__SEASON_fall,0.0,0.012247343270919373,0.012247343270919373
195,1,num__SCHEDULED_DEPARTURE,-1.2444458394827946,-0.05649523282669407,0.05649523282669407
195,2,cat__TIME_OF_DAY_morning,1.0,-0.03107182268655379,0.03107182268655379
195,3,num__ROUTE_DELAY_RATE,-0.3578811861313749,-0.0253369687300642,0.0253369687300642
195,4,num__CARRIER_DELAY_RATE_DOW,-1.3708314389516696,-0.015998914803760728,0.015998914803760728
195,5,num__CARRIER_DELAY_RATE,-1.5327753906460064,-0.013542441399340532,0.013542441399340532
196,1,num__ROUTE_DELAY_RATE,-0.9626791766243195,-0.03591598870546932,0.03591598870546932
196,2,cat__SEASON_fall,1.0,-0.03068688591591126,0.03068688591591126
196,3,num__CARRIER_DELAY_RATE_DOW,-1.436038606701085,-0.026943070467741564,0.026943070467741564
196,4,cat__TIME_OF_DAY_morning,0.0,0.022147523483263286,0.022147523483263286
196,5,num__SCHEDULED_DEPARTURE,-0.05943364667290292,0.02154475415653451,0.02154475415653451
197,1,num__ROUTE_DELAY_RATE,-0.34998607358577705,-0.02733042981371227,0.02733042981371227
197,2,cat__TIME_OF_DAY_morning,1.0,-0.023550774155364707,0.023550774155364707
197,3,num__SCHEDULED_DEPARTURE,-0.806012008984196,-0.02182573746181106,0.02182573746181106
197,4,num__CARRIER_DELAY_RATE_DOW,-1.3708314389516696,-0.017130858864559288,0.017130858864559288
197,5,num__CARRIER_DELAY_RATE,-1.5327753906460064,-0.0152312587174265,0.0152312587174265
198,1,num__ROUTE_DELAY_RATE,-2.0236560507696613,-0.08737604575221213,0.08737604575221213
198,2,cat__SEASON_fall,1.0,-0.03946019362188963,0.03946019362188963
198,3,num__ORIGIN_DELAY_RATE,-2.557176521763649,-0.033869368499238134,0.033869368499238134
198,4,num__CARRIER_DELAY_RATE_DOW,-1.77721142023557,-0.03340336429673016,0.03340336429673016
198,5,num__SCHEDULED_DEPARTURE,1.1917572375330037,0.03296041111680324,0.03296041111680324
199,1,num__SCHEDULED_DEPARTURE,1.0573317706348484,0.05125465697330128,0.05125465697330128
199,2,num__ROUTE_DELAY_RATE,-1.0608511490072037,-0.034102522929149476,0.034102522929149476
199,3,cat__TIME_OF_DAY_morning,0.0,0.03394470274729429,0.03394470274729429
199,4,cat__TIME_OF_DAY_evening,1.0,0.030775100454393398,0.030775100454393398
199,5,num__ORIGIN_DELAY_RATE,-1.1058747558003341,-0.013566188396864617,0.013566188396864617
